{
    "name": "Global Information",
    "numberOfRequests": {
        "total": 13,
        "ok": 13,
        "ko": 0
    },
    "minResponseTime": {
        "total": 47,
        "ok": 47,
        "ko": 0
    },
    "maxResponseTime": {
        "total": 140,
        "ok": 140,
        "ko": 0
    },
    "meanResponseTime": {
        "total": 73,
        "ok": 73,
        "ko": 0
    },
    "standardDeviation": {
        "total": 26,
        "ok": 26,
        "ko": 0
    },
    "percentiles1": {
        "total": 62,
        "ok": 62,
        "ko": 0
    },
    "percentiles2": {
        "total": 89,
        "ok": 89,
        "ko": 0
    },
    "percentiles3": {
        "total": 118,
        "ok": 118,
        "ko": 0
    },
    "percentiles4": {
        "total": 135,
        "ok": 135,
        "ko": 0
    },
    "group1": {
        "name": "t < 800 ms",
        "count": 13,
        "percentage": 100
    },
    "group2": {
        "name": "800 ms < t < 1200 ms",
        "count": 0,
        "percentage": 0
    },
    "group3": {
        "name": "t > 1200 ms",
        "count": 0,
        "percentage": 0
    },
    "group4": {
        "name": "failed",
        "count": 0,
        "percentage": 0
    },
    "meanNumberOfRequestsPerSecond": {
        "total": 0.8666666666666667,
        "ok": 0.8666666666666667,
        "ko": 0
    }
}