{
  "type": "GROUP",
"name": "Global Information",
"path": "",
"pathFormatted": "group_missing-name-b06d1",
"stats": {
    "name": "Global Information",
    "numberOfRequests": {
        "total": 13,
        "ok": 13,
        "ko": 0
    },
    "minResponseTime": {
        "total": 47,
        "ok": 47,
        "ko": 0
    },
    "maxResponseTime": {
        "total": 140,
        "ok": 140,
        "ko": 0
    },
    "meanResponseTime": {
        "total": 73,
        "ok": 73,
        "ko": 0
    },
    "standardDeviation": {
        "total": 26,
        "ok": 26,
        "ko": 0
    },
    "percentiles1": {
        "total": 62,
        "ok": 62,
        "ko": 0
    },
    "percentiles2": {
        "total": 89,
        "ok": 89,
        "ko": 0
    },
    "percentiles3": {
        "total": 118,
        "ok": 118,
        "ko": 0
    },
    "percentiles4": {
        "total": 135,
        "ok": 135,
        "ko": 0
    },
    "group1": {
        "name": "t < 800 ms",
        "count": 13,
        "percentage": 100
    },
    "group2": {
        "name": "800 ms < t < 1200 ms",
        "count": 0,
        "percentage": 0
    },
    "group3": {
        "name": "t > 1200 ms",
        "count": 0,
        "percentage": 0
    },
    "group4": {
        "name": "failed",
        "count": 0,
        "percentage": 0
    },
    "meanNumberOfRequestsPerSecond": {
        "total": 0.8666666666666667,
        "ok": 0.8666666666666667,
        "ko": 0
    }
},
"contents": {
"req_home-8cf04": {
        "type": "REQUEST",
        "name": "Home",
"path": "Home",
"pathFormatted": "req_home-8cf04",
"stats": {
    "name": "Home",
    "numberOfRequests": {
        "total": 2,
        "ok": 2,
        "ko": 0
    },
    "minResponseTime": {
        "total": 47,
        "ok": 47,
        "ko": 0
    },
    "maxResponseTime": {
        "total": 86,
        "ok": 86,
        "ko": 0
    },
    "meanResponseTime": {
        "total": 66,
        "ok": 66,
        "ko": 0
    },
    "standardDeviation": {
        "total": 19,
        "ok": 19,
        "ko": 0
    },
    "percentiles1": {
        "total": 66,
        "ok": 66,
        "ko": 0
    },
    "percentiles2": {
        "total": 76,
        "ok": 76,
        "ko": 0
    },
    "percentiles3": {
        "total": 84,
        "ok": 84,
        "ko": 0
    },
    "percentiles4": {
        "total": 85,
        "ok": 85,
        "ko": 0
    },
    "group1": {
        "name": "t < 800 ms",
        "count": 2,
        "percentage": 100
    },
    "group2": {
        "name": "800 ms < t < 1200 ms",
        "count": 0,
        "percentage": 0
    },
    "group3": {
        "name": "t > 1200 ms",
        "count": 0,
        "percentage": 0
    },
    "group4": {
        "name": "failed",
        "count": 0,
        "percentage": 0
    },
    "meanNumberOfRequestsPerSecond": {
        "total": 0.13333333333333333,
        "ok": 0.13333333333333333,
        "ko": 0
    }
}
    },"req_home-redirect-1-df14c": {
        "type": "REQUEST",
        "name": "Home Redirect 1",
"path": "Home Redirect 1",
"pathFormatted": "req_home-redirect-1-df14c",
"stats": {
    "name": "Home Redirect 1",
    "numberOfRequests": {
        "total": 2,
        "ok": 2,
        "ko": 0
    },
    "minResponseTime": {
        "total": 62,
        "ok": 62,
        "ko": 0
    },
    "maxResponseTime": {
        "total": 105,
        "ok": 105,
        "ko": 0
    },
    "meanResponseTime": {
        "total": 83,
        "ok": 83,
        "ko": 0
    },
    "standardDeviation": {
        "total": 21,
        "ok": 21,
        "ko": 0
    },
    "percentiles1": {
        "total": 83,
        "ok": 83,
        "ko": 0
    },
    "percentiles2": {
        "total": 94,
        "ok": 94,
        "ko": 0
    },
    "percentiles3": {
        "total": 102,
        "ok": 102,
        "ko": 0
    },
    "percentiles4": {
        "total": 104,
        "ok": 104,
        "ko": 0
    },
    "group1": {
        "name": "t < 800 ms",
        "count": 2,
        "percentage": 100
    },
    "group2": {
        "name": "800 ms < t < 1200 ms",
        "count": 0,
        "percentage": 0
    },
    "group3": {
        "name": "t > 1200 ms",
        "count": 0,
        "percentage": 0
    },
    "group4": {
        "name": "failed",
        "count": 0,
        "percentage": 0
    },
    "meanNumberOfRequestsPerSecond": {
        "total": 0.13333333333333333,
        "ok": 0.13333333333333333,
        "ko": 0
    }
}
    },"req_search-13348": {
        "type": "REQUEST",
        "name": "Search",
"path": "Search",
"pathFormatted": "req_search-13348",
"stats": {
    "name": "Search",
    "numberOfRequests": {
        "total": 1,
        "ok": 1,
        "ko": 0
    },
    "minResponseTime": {
        "total": 59,
        "ok": 59,
        "ko": 0
    },
    "maxResponseTime": {
        "total": 59,
        "ok": 59,
        "ko": 0
    },
    "meanResponseTime": {
        "total": 59,
        "ok": 59,
        "ko": 0
    },
    "standardDeviation": {
        "total": 0,
        "ok": 0,
        "ko": 0
    },
    "percentiles1": {
        "total": 59,
        "ok": 59,
        "ko": 0
    },
    "percentiles2": {
        "total": 59,
        "ok": 59,
        "ko": 0
    },
    "percentiles3": {
        "total": 59,
        "ok": 59,
        "ko": 0
    },
    "percentiles4": {
        "total": 59,
        "ok": 59,
        "ko": 0
    },
    "group1": {
        "name": "t < 800 ms",
        "count": 1,
        "percentage": 100
    },
    "group2": {
        "name": "800 ms < t < 1200 ms",
        "count": 0,
        "percentage": 0
    },
    "group3": {
        "name": "t > 1200 ms",
        "count": 0,
        "percentage": 0
    },
    "group4": {
        "name": "failed",
        "count": 0,
        "percentage": 0
    },
    "meanNumberOfRequestsPerSecond": {
        "total": 0.06666666666666667,
        "ok": 0.06666666666666667,
        "ko": 0
    }
}
    },"req_select-e0626": {
        "type": "REQUEST",
        "name": "Select",
"path": "Select",
"pathFormatted": "req_select-e0626",
"stats": {
    "name": "Select",
    "numberOfRequests": {
        "total": 1,
        "ok": 1,
        "ko": 0
    },
    "minResponseTime": {
        "total": 140,
        "ok": 140,
        "ko": 0
    },
    "maxResponseTime": {
        "total": 140,
        "ok": 140,
        "ko": 0
    },
    "meanResponseTime": {
        "total": 140,
        "ok": 140,
        "ko": 0
    },
    "standardDeviation": {
        "total": 0,
        "ok": 0,
        "ko": 0
    },
    "percentiles1": {
        "total": 140,
        "ok": 140,
        "ko": 0
    },
    "percentiles2": {
        "total": 140,
        "ok": 140,
        "ko": 0
    },
    "percentiles3": {
        "total": 140,
        "ok": 140,
        "ko": 0
    },
    "percentiles4": {
        "total": 140,
        "ok": 140,
        "ko": 0
    },
    "group1": {
        "name": "t < 800 ms",
        "count": 1,
        "percentage": 100
    },
    "group2": {
        "name": "800 ms < t < 1200 ms",
        "count": 0,
        "percentage": 0
    },
    "group3": {
        "name": "t > 1200 ms",
        "count": 0,
        "percentage": 0
    },
    "group4": {
        "name": "failed",
        "count": 0,
        "percentage": 0
    },
    "meanNumberOfRequestsPerSecond": {
        "total": 0.06666666666666667,
        "ok": 0.06666666666666667,
        "ko": 0
    }
}
    },"req_page-1-dffde": {
        "type": "REQUEST",
        "name": "Page 1",
"path": "Page 1",
"pathFormatted": "req_page-1-dffde",
"stats": {
    "name": "Page 1",
    "numberOfRequests": {
        "total": 1,
        "ok": 1,
        "ko": 0
    },
    "minResponseTime": {
        "total": 52,
        "ok": 52,
        "ko": 0
    },
    "maxResponseTime": {
        "total": 52,
        "ok": 52,
        "ko": 0
    },
    "meanResponseTime": {
        "total": 52,
        "ok": 52,
        "ko": 0
    },
    "standardDeviation": {
        "total": 0,
        "ok": 0,
        "ko": 0
    },
    "percentiles1": {
        "total": 52,
        "ok": 52,
        "ko": 0
    },
    "percentiles2": {
        "total": 52,
        "ok": 52,
        "ko": 0
    },
    "percentiles3": {
        "total": 52,
        "ok": 52,
        "ko": 0
    },
    "percentiles4": {
        "total": 52,
        "ok": 52,
        "ko": 0
    },
    "group1": {
        "name": "t < 800 ms",
        "count": 1,
        "percentage": 100
    },
    "group2": {
        "name": "800 ms < t < 1200 ms",
        "count": 0,
        "percentage": 0
    },
    "group3": {
        "name": "t > 1200 ms",
        "count": 0,
        "percentage": 0
    },
    "group4": {
        "name": "failed",
        "count": 0,
        "percentage": 0
    },
    "meanNumberOfRequestsPerSecond": {
        "total": 0.06666666666666667,
        "ok": 0.06666666666666667,
        "ko": 0
    }
}
    },"req_page-2-9cd0e": {
        "type": "REQUEST",
        "name": "Page 2",
"path": "Page 2",
"pathFormatted": "req_page-2-9cd0e",
"stats": {
    "name": "Page 2",
    "numberOfRequests": {
        "total": 1,
        "ok": 1,
        "ko": 0
    },
    "minResponseTime": {
        "total": 62,
        "ok": 62,
        "ko": 0
    },
    "maxResponseTime": {
        "total": 62,
        "ok": 62,
        "ko": 0
    },
    "meanResponseTime": {
        "total": 62,
        "ok": 62,
        "ko": 0
    },
    "standardDeviation": {
        "total": 0,
        "ok": 0,
        "ko": 0
    },
    "percentiles1": {
        "total": 62,
        "ok": 62,
        "ko": 0
    },
    "percentiles2": {
        "total": 62,
        "ok": 62,
        "ko": 0
    },
    "percentiles3": {
        "total": 62,
        "ok": 62,
        "ko": 0
    },
    "percentiles4": {
        "total": 62,
        "ok": 62,
        "ko": 0
    },
    "group1": {
        "name": "t < 800 ms",
        "count": 1,
        "percentage": 100
    },
    "group2": {
        "name": "800 ms < t < 1200 ms",
        "count": 0,
        "percentage": 0
    },
    "group3": {
        "name": "t > 1200 ms",
        "count": 0,
        "percentage": 0
    },
    "group4": {
        "name": "failed",
        "count": 0,
        "percentage": 0
    },
    "meanNumberOfRequestsPerSecond": {
        "total": 0.06666666666666667,
        "ok": 0.06666666666666667,
        "ko": 0
    }
}
    },"req_page-3-cdc73": {
        "type": "REQUEST",
        "name": "Page 3",
"path": "Page 3",
"pathFormatted": "req_page-3-cdc73",
"stats": {
    "name": "Page 3",
    "numberOfRequests": {
        "total": 1,
        "ok": 1,
        "ko": 0
    },
    "minResponseTime": {
        "total": 54,
        "ok": 54,
        "ko": 0
    },
    "maxResponseTime": {
        "total": 54,
        "ok": 54,
        "ko": 0
    },
    "meanResponseTime": {
        "total": 54,
        "ok": 54,
        "ko": 0
    },
    "standardDeviation": {
        "total": 0,
        "ok": 0,
        "ko": 0
    },
    "percentiles1": {
        "total": 54,
        "ok": 54,
        "ko": 0
    },
    "percentiles2": {
        "total": 54,
        "ok": 54,
        "ko": 0
    },
    "percentiles3": {
        "total": 54,
        "ok": 54,
        "ko": 0
    },
    "percentiles4": {
        "total": 54,
        "ok": 54,
        "ko": 0
    },
    "group1": {
        "name": "t < 800 ms",
        "count": 1,
        "percentage": 100
    },
    "group2": {
        "name": "800 ms < t < 1200 ms",
        "count": 0,
        "percentage": 0
    },
    "group3": {
        "name": "t > 1200 ms",
        "count": 0,
        "percentage": 0
    },
    "group4": {
        "name": "failed",
        "count": 0,
        "percentage": 0
    },
    "meanNumberOfRequestsPerSecond": {
        "total": 0.06666666666666667,
        "ok": 0.06666666666666667,
        "ko": 0
    }
}
    },"req_page-4-badfc": {
        "type": "REQUEST",
        "name": "Page 4",
"path": "Page 4",
"pathFormatted": "req_page-4-badfc",
"stats": {
    "name": "Page 4",
    "numberOfRequests": {
        "total": 1,
        "ok": 1,
        "ko": 0
    },
    "minResponseTime": {
        "total": 54,
        "ok": 54,
        "ko": 0
    },
    "maxResponseTime": {
        "total": 54,
        "ok": 54,
        "ko": 0
    },
    "meanResponseTime": {
        "total": 54,
        "ok": 54,
        "ko": 0
    },
    "standardDeviation": {
        "total": 0,
        "ok": 0,
        "ko": 0
    },
    "percentiles1": {
        "total": 54,
        "ok": 54,
        "ko": 0
    },
    "percentiles2": {
        "total": 54,
        "ok": 54,
        "ko": 0
    },
    "percentiles3": {
        "total": 54,
        "ok": 54,
        "ko": 0
    },
    "percentiles4": {
        "total": 54,
        "ok": 54,
        "ko": 0
    },
    "group1": {
        "name": "t < 800 ms",
        "count": 1,
        "percentage": 100
    },
    "group2": {
        "name": "800 ms < t < 1200 ms",
        "count": 0,
        "percentage": 0
    },
    "group3": {
        "name": "t > 1200 ms",
        "count": 0,
        "percentage": 0
    },
    "group4": {
        "name": "failed",
        "count": 0,
        "percentage": 0
    },
    "meanNumberOfRequestsPerSecond": {
        "total": 0.06666666666666667,
        "ok": 0.06666666666666667,
        "ko": 0
    }
}
    },"req_form-d359c": {
        "type": "REQUEST",
        "name": "Form",
"path": "Form",
"pathFormatted": "req_form-d359c",
"stats": {
    "name": "Form",
    "numberOfRequests": {
        "total": 1,
        "ok": 1,
        "ko": 0
    },
    "minResponseTime": {
        "total": 57,
        "ok": 57,
        "ko": 0
    },
    "maxResponseTime": {
        "total": 57,
        "ok": 57,
        "ko": 0
    },
    "meanResponseTime": {
        "total": 57,
        "ok": 57,
        "ko": 0
    },
    "standardDeviation": {
        "total": 0,
        "ok": 0,
        "ko": 0
    },
    "percentiles1": {
        "total": 57,
        "ok": 57,
        "ko": 0
    },
    "percentiles2": {
        "total": 57,
        "ok": 57,
        "ko": 0
    },
    "percentiles3": {
        "total": 57,
        "ok": 57,
        "ko": 0
    },
    "percentiles4": {
        "total": 57,
        "ok": 57,
        "ko": 0
    },
    "group1": {
        "name": "t < 800 ms",
        "count": 1,
        "percentage": 100
    },
    "group2": {
        "name": "800 ms < t < 1200 ms",
        "count": 0,
        "percentage": 0
    },
    "group3": {
        "name": "t > 1200 ms",
        "count": 0,
        "percentage": 0
    },
    "group4": {
        "name": "failed",
        "count": 0,
        "percentage": 0
    },
    "meanNumberOfRequestsPerSecond": {
        "total": 0.06666666666666667,
        "ok": 0.06666666666666667,
        "ko": 0
    }
}
    },"req_post-03d94": {
        "type": "REQUEST",
        "name": "Post",
"path": "Post",
"pathFormatted": "req_post-03d94",
"stats": {
    "name": "Post",
    "numberOfRequests": {
        "total": 1,
        "ok": 1,
        "ko": 0
    },
    "minResponseTime": {
        "total": 91,
        "ok": 91,
        "ko": 0
    },
    "maxResponseTime": {
        "total": 91,
        "ok": 91,
        "ko": 0
    },
    "meanResponseTime": {
        "total": 91,
        "ok": 91,
        "ko": 0
    },
    "standardDeviation": {
        "total": 0,
        "ok": 0,
        "ko": 0
    },
    "percentiles1": {
        "total": 91,
        "ok": 91,
        "ko": 0
    },
    "percentiles2": {
        "total": 91,
        "ok": 91,
        "ko": 0
    },
    "percentiles3": {
        "total": 91,
        "ok": 91,
        "ko": 0
    },
    "percentiles4": {
        "total": 91,
        "ok": 91,
        "ko": 0
    },
    "group1": {
        "name": "t < 800 ms",
        "count": 1,
        "percentage": 100
    },
    "group2": {
        "name": "800 ms < t < 1200 ms",
        "count": 0,
        "percentage": 0
    },
    "group3": {
        "name": "t > 1200 ms",
        "count": 0,
        "percentage": 0
    },
    "group4": {
        "name": "failed",
        "count": 0,
        "percentage": 0
    },
    "meanNumberOfRequestsPerSecond": {
        "total": 0.06666666666666667,
        "ok": 0.06666666666666667,
        "ko": 0
    }
}
    },"req_post-redirect-1-1713a": {
        "type": "REQUEST",
        "name": "Post Redirect 1",
"path": "Post Redirect 1",
"pathFormatted": "req_post-redirect-1-1713a",
"stats": {
    "name": "Post Redirect 1",
    "numberOfRequests": {
        "total": 1,
        "ok": 1,
        "ko": 0
    },
    "minResponseTime": {
        "total": 89,
        "ok": 89,
        "ko": 0
    },
    "maxResponseTime": {
        "total": 89,
        "ok": 89,
        "ko": 0
    },
    "meanResponseTime": {
        "total": 89,
        "ok": 89,
        "ko": 0
    },
    "standardDeviation": {
        "total": 0,
        "ok": 0,
        "ko": 0
    },
    "percentiles1": {
        "total": 89,
        "ok": 89,
        "ko": 0
    },
    "percentiles2": {
        "total": 89,
        "ok": 89,
        "ko": 0
    },
    "percentiles3": {
        "total": 89,
        "ok": 89,
        "ko": 0
    },
    "percentiles4": {
        "total": 89,
        "ok": 89,
        "ko": 0
    },
    "group1": {
        "name": "t < 800 ms",
        "count": 1,
        "percentage": 100
    },
    "group2": {
        "name": "800 ms < t < 1200 ms",
        "count": 0,
        "percentage": 0
    },
    "group3": {
        "name": "t > 1200 ms",
        "count": 0,
        "percentage": 0
    },
    "group4": {
        "name": "failed",
        "count": 0,
        "percentage": 0
    },
    "meanNumberOfRequestsPerSecond": {
        "total": 0.06666666666666667,
        "ok": 0.06666666666666667,
        "ko": 0
    }
}
    }
}

}