{
    "name": "Global Information",
    "numberOfRequests": {
        "total": 15,
        "ok": 15,
        "ko": 0
    },
    "minResponseTime": {
        "total": 116,
        "ok": 116,
        "ko": 0
    },
    "maxResponseTime": {
        "total": 538,
        "ok": 538,
        "ko": 0
    },
    "meanResponseTime": {
        "total": 193,
        "ok": 193,
        "ko": 0
    },
    "standardDeviation": {
        "total": 110,
        "ok": 110,
        "ko": 0
    },
    "percentiles1": {
        "total": 141,
        "ok": 141,
        "ko": 0
    },
    "percentiles2": {
        "total": 198,
        "ok": 198,
        "ko": 0
    },
    "percentiles3": {
        "total": 402,
        "ok": 402,
        "ko": 0
    },
    "percentiles4": {
        "total": 510,
        "ok": 510,
        "ko": 0
    },
    "group1": {
        "name": "t < 800 ms",
        "count": 15,
        "percentage": 100
    },
    "group2": {
        "name": "800 ms < t < 1200 ms",
        "count": 0,
        "percentage": 0
    },
    "group3": {
        "name": "t > 1200 ms",
        "count": 0,
        "percentage": 0
    },
    "group4": {
        "name": "failed",
        "count": 0,
        "percentage": 0
    },
    "meanNumberOfRequestsPerSecond": {
        "total": 0.1048951048951049,
        "ok": 0.1048951048951049,
        "ko": 0
    }
}