{
  "type": "GROUP",
"name": "Global Information",
"path": "",
"pathFormatted": "group_missing-name-b06d1",
"stats": {
    "name": "Global Information",
    "numberOfRequests": {
        "total": 15,
        "ok": 15,
        "ko": 0
    },
    "minResponseTime": {
        "total": 116,
        "ok": 116,
        "ko": 0
    },
    "maxResponseTime": {
        "total": 538,
        "ok": 538,
        "ko": 0
    },
    "meanResponseTime": {
        "total": 193,
        "ok": 193,
        "ko": 0
    },
    "standardDeviation": {
        "total": 110,
        "ok": 110,
        "ko": 0
    },
    "percentiles1": {
        "total": 141,
        "ok": 141,
        "ko": 0
    },
    "percentiles2": {
        "total": 198,
        "ok": 198,
        "ko": 0
    },
    "percentiles3": {
        "total": 402,
        "ok": 402,
        "ko": 0
    },
    "percentiles4": {
        "total": 510,
        "ok": 510,
        "ko": 0
    },
    "group1": {
        "name": "t < 800 ms",
        "count": 15,
        "percentage": 100
    },
    "group2": {
        "name": "800 ms < t < 1200 ms",
        "count": 0,
        "percentage": 0
    },
    "group3": {
        "name": "t > 1200 ms",
        "count": 0,
        "percentage": 0
    },
    "group4": {
        "name": "failed",
        "count": 0,
        "percentage": 0
    },
    "meanNumberOfRequestsPerSecond": {
        "total": 0.1048951048951049,
        "ok": 0.1048951048951049,
        "ko": 0
    }
},
"contents": {
"req_request-0-684d2": {
        "type": "REQUEST",
        "name": "request_0",
"path": "request_0",
"pathFormatted": "req_request-0-684d2",
"stats": {
    "name": "request_0",
    "numberOfRequests": {
        "total": 1,
        "ok": 1,
        "ko": 0
    },
    "minResponseTime": {
        "total": 345,
        "ok": 345,
        "ko": 0
    },
    "maxResponseTime": {
        "total": 345,
        "ok": 345,
        "ko": 0
    },
    "meanResponseTime": {
        "total": 345,
        "ok": 345,
        "ko": 0
    },
    "standardDeviation": {
        "total": 0,
        "ok": 0,
        "ko": 0
    },
    "percentiles1": {
        "total": 345,
        "ok": 345,
        "ko": 0
    },
    "percentiles2": {
        "total": 345,
        "ok": 345,
        "ko": 0
    },
    "percentiles3": {
        "total": 345,
        "ok": 345,
        "ko": 0
    },
    "percentiles4": {
        "total": 345,
        "ok": 345,
        "ko": 0
    },
    "group1": {
        "name": "t < 800 ms",
        "count": 1,
        "percentage": 100
    },
    "group2": {
        "name": "800 ms < t < 1200 ms",
        "count": 0,
        "percentage": 0
    },
    "group3": {
        "name": "t > 1200 ms",
        "count": 0,
        "percentage": 0
    },
    "group4": {
        "name": "failed",
        "count": 0,
        "percentage": 0
    },
    "meanNumberOfRequestsPerSecond": {
        "total": 0.006993006993006993,
        "ok": 0.006993006993006993,
        "ko": 0
    }
}
    },"req_bootstrap-min-c-5b8a7": {
        "type": "REQUEST",
        "name": "bootstrap.min.css",
"path": "bootstrap.min.css",
"pathFormatted": "req_bootstrap-min-c-5b8a7",
"stats": {
    "name": "bootstrap.min.css",
    "numberOfRequests": {
        "total": 1,
        "ok": 1,
        "ko": 0
    },
    "minResponseTime": {
        "total": 538,
        "ok": 538,
        "ko": 0
    },
    "maxResponseTime": {
        "total": 538,
        "ok": 538,
        "ko": 0
    },
    "meanResponseTime": {
        "total": 538,
        "ok": 538,
        "ko": 0
    },
    "standardDeviation": {
        "total": 0,
        "ok": 0,
        "ko": 0
    },
    "percentiles1": {
        "total": 538,
        "ok": 538,
        "ko": 0
    },
    "percentiles2": {
        "total": 538,
        "ok": 538,
        "ko": 0
    },
    "percentiles3": {
        "total": 538,
        "ok": 538,
        "ko": 0
    },
    "percentiles4": {
        "total": 538,
        "ok": 538,
        "ko": 0
    },
    "group1": {
        "name": "t < 800 ms",
        "count": 1,
        "percentage": 100
    },
    "group2": {
        "name": "800 ms < t < 1200 ms",
        "count": 0,
        "percentage": 0
    },
    "group3": {
        "name": "t > 1200 ms",
        "count": 0,
        "percentage": 0
    },
    "group4": {
        "name": "failed",
        "count": 0,
        "percentage": 0
    },
    "meanNumberOfRequestsPerSecond": {
        "total": 0.006993006993006993,
        "ok": 0.006993006993006993,
        "ko": 0
    }
}
    },"req_main-css-4abed": {
        "type": "REQUEST",
        "name": "main.css",
"path": "main.css",
"pathFormatted": "req_main-css-4abed",
"stats": {
    "name": "main.css",
    "numberOfRequests": {
        "total": 1,
        "ok": 1,
        "ko": 0
    },
    "minResponseTime": {
        "total": 257,
        "ok": 257,
        "ko": 0
    },
    "maxResponseTime": {
        "total": 257,
        "ok": 257,
        "ko": 0
    },
    "meanResponseTime": {
        "total": 257,
        "ok": 257,
        "ko": 0
    },
    "standardDeviation": {
        "total": 0,
        "ok": 0,
        "ko": 0
    },
    "percentiles1": {
        "total": 257,
        "ok": 257,
        "ko": 0
    },
    "percentiles2": {
        "total": 257,
        "ok": 257,
        "ko": 0
    },
    "percentiles3": {
        "total": 257,
        "ok": 257,
        "ko": 0
    },
    "percentiles4": {
        "total": 257,
        "ok": 257,
        "ko": 0
    },
    "group1": {
        "name": "t < 800 ms",
        "count": 1,
        "percentage": 100
    },
    "group2": {
        "name": "800 ms < t < 1200 ms",
        "count": 0,
        "percentage": 0
    },
    "group3": {
        "name": "t > 1200 ms",
        "count": 0,
        "percentage": 0
    },
    "group4": {
        "name": "failed",
        "count": 0,
        "percentage": 0
    },
    "meanNumberOfRequestsPerSecond": {
        "total": 0.006993006993006993,
        "ok": 0.006993006993006993,
        "ko": 0
    }
}
    },"req_request-1-46da4": {
        "type": "REQUEST",
        "name": "request_1",
"path": "request_1",
"pathFormatted": "req_request-1-46da4",
"stats": {
    "name": "request_1",
    "numberOfRequests": {
        "total": 1,
        "ok": 1,
        "ko": 0
    },
    "minResponseTime": {
        "total": 166,
        "ok": 166,
        "ko": 0
    },
    "maxResponseTime": {
        "total": 166,
        "ok": 166,
        "ko": 0
    },
    "meanResponseTime": {
        "total": 166,
        "ok": 166,
        "ko": 0
    },
    "standardDeviation": {
        "total": 0,
        "ok": 0,
        "ko": 0
    },
    "percentiles1": {
        "total": 166,
        "ok": 166,
        "ko": 0
    },
    "percentiles2": {
        "total": 166,
        "ok": 166,
        "ko": 0
    },
    "percentiles3": {
        "total": 166,
        "ok": 166,
        "ko": 0
    },
    "percentiles4": {
        "total": 166,
        "ok": 166,
        "ko": 0
    },
    "group1": {
        "name": "t < 800 ms",
        "count": 1,
        "percentage": 100
    },
    "group2": {
        "name": "800 ms < t < 1200 ms",
        "count": 0,
        "percentage": 0
    },
    "group3": {
        "name": "t > 1200 ms",
        "count": 0,
        "percentage": 0
    },
    "group4": {
        "name": "failed",
        "count": 0,
        "percentage": 0
    },
    "meanNumberOfRequestsPerSecond": {
        "total": 0.006993006993006993,
        "ok": 0.006993006993006993,
        "ko": 0
    }
}
    },"req_request-2-93baf": {
        "type": "REQUEST",
        "name": "request_2",
"path": "request_2",
"pathFormatted": "req_request-2-93baf",
"stats": {
    "name": "request_2",
    "numberOfRequests": {
        "total": 1,
        "ok": 1,
        "ko": 0
    },
    "minResponseTime": {
        "total": 131,
        "ok": 131,
        "ko": 0
    },
    "maxResponseTime": {
        "total": 131,
        "ok": 131,
        "ko": 0
    },
    "meanResponseTime": {
        "total": 131,
        "ok": 131,
        "ko": 0
    },
    "standardDeviation": {
        "total": 0,
        "ok": 0,
        "ko": 0
    },
    "percentiles1": {
        "total": 131,
        "ok": 131,
        "ko": 0
    },
    "percentiles2": {
        "total": 131,
        "ok": 131,
        "ko": 0
    },
    "percentiles3": {
        "total": 131,
        "ok": 131,
        "ko": 0
    },
    "percentiles4": {
        "total": 131,
        "ok": 131,
        "ko": 0
    },
    "group1": {
        "name": "t < 800 ms",
        "count": 1,
        "percentage": 100
    },
    "group2": {
        "name": "800 ms < t < 1200 ms",
        "count": 0,
        "percentage": 0
    },
    "group3": {
        "name": "t > 1200 ms",
        "count": 0,
        "percentage": 0
    },
    "group4": {
        "name": "failed",
        "count": 0,
        "percentage": 0
    },
    "meanNumberOfRequestsPerSecond": {
        "total": 0.006993006993006993,
        "ok": 0.006993006993006993,
        "ko": 0
    }
}
    },"req_request-3-d0973": {
        "type": "REQUEST",
        "name": "request_3",
"path": "request_3",
"pathFormatted": "req_request-3-d0973",
"stats": {
    "name": "request_3",
    "numberOfRequests": {
        "total": 1,
        "ok": 1,
        "ko": 0
    },
    "minResponseTime": {
        "total": 137,
        "ok": 137,
        "ko": 0
    },
    "maxResponseTime": {
        "total": 137,
        "ok": 137,
        "ko": 0
    },
    "meanResponseTime": {
        "total": 137,
        "ok": 137,
        "ko": 0
    },
    "standardDeviation": {
        "total": 0,
        "ok": 0,
        "ko": 0
    },
    "percentiles1": {
        "total": 137,
        "ok": 137,
        "ko": 0
    },
    "percentiles2": {
        "total": 137,
        "ok": 137,
        "ko": 0
    },
    "percentiles3": {
        "total": 137,
        "ok": 137,
        "ko": 0
    },
    "percentiles4": {
        "total": 137,
        "ok": 137,
        "ko": 0
    },
    "group1": {
        "name": "t < 800 ms",
        "count": 1,
        "percentage": 100
    },
    "group2": {
        "name": "800 ms < t < 1200 ms",
        "count": 0,
        "percentage": 0
    },
    "group3": {
        "name": "t > 1200 ms",
        "count": 0,
        "percentage": 0
    },
    "group4": {
        "name": "failed",
        "count": 0,
        "percentage": 0
    },
    "meanNumberOfRequestsPerSecond": {
        "total": 0.006993006993006993,
        "ok": 0.006993006993006993,
        "ko": 0
    }
}
    },"req_request-4-e7d1b": {
        "type": "REQUEST",
        "name": "request_4",
"path": "request_4",
"pathFormatted": "req_request-4-e7d1b",
"stats": {
    "name": "request_4",
    "numberOfRequests": {
        "total": 1,
        "ok": 1,
        "ko": 0
    },
    "minResponseTime": {
        "total": 116,
        "ok": 116,
        "ko": 0
    },
    "maxResponseTime": {
        "total": 116,
        "ok": 116,
        "ko": 0
    },
    "meanResponseTime": {
        "total": 116,
        "ok": 116,
        "ko": 0
    },
    "standardDeviation": {
        "total": 0,
        "ok": 0,
        "ko": 0
    },
    "percentiles1": {
        "total": 116,
        "ok": 116,
        "ko": 0
    },
    "percentiles2": {
        "total": 116,
        "ok": 116,
        "ko": 0
    },
    "percentiles3": {
        "total": 116,
        "ok": 116,
        "ko": 0
    },
    "percentiles4": {
        "total": 116,
        "ok": 116,
        "ko": 0
    },
    "group1": {
        "name": "t < 800 ms",
        "count": 1,
        "percentage": 100
    },
    "group2": {
        "name": "800 ms < t < 1200 ms",
        "count": 0,
        "percentage": 0
    },
    "group3": {
        "name": "t > 1200 ms",
        "count": 0,
        "percentage": 0
    },
    "group4": {
        "name": "failed",
        "count": 0,
        "percentage": 0
    },
    "meanNumberOfRequestsPerSecond": {
        "total": 0.006993006993006993,
        "ok": 0.006993006993006993,
        "ko": 0
    }
}
    },"req_request-5-48829": {
        "type": "REQUEST",
        "name": "request_5",
"path": "request_5",
"pathFormatted": "req_request-5-48829",
"stats": {
    "name": "request_5",
    "numberOfRequests": {
        "total": 1,
        "ok": 1,
        "ko": 0
    },
    "minResponseTime": {
        "total": 128,
        "ok": 128,
        "ko": 0
    },
    "maxResponseTime": {
        "total": 128,
        "ok": 128,
        "ko": 0
    },
    "meanResponseTime": {
        "total": 128,
        "ok": 128,
        "ko": 0
    },
    "standardDeviation": {
        "total": 0,
        "ok": 0,
        "ko": 0
    },
    "percentiles1": {
        "total": 128,
        "ok": 128,
        "ko": 0
    },
    "percentiles2": {
        "total": 128,
        "ok": 128,
        "ko": 0
    },
    "percentiles3": {
        "total": 128,
        "ok": 128,
        "ko": 0
    },
    "percentiles4": {
        "total": 128,
        "ok": 128,
        "ko": 0
    },
    "group1": {
        "name": "t < 800 ms",
        "count": 1,
        "percentage": 100
    },
    "group2": {
        "name": "800 ms < t < 1200 ms",
        "count": 0,
        "percentage": 0
    },
    "group3": {
        "name": "t > 1200 ms",
        "count": 0,
        "percentage": 0
    },
    "group4": {
        "name": "failed",
        "count": 0,
        "percentage": 0
    },
    "meanNumberOfRequestsPerSecond": {
        "total": 0.006993006993006993,
        "ok": 0.006993006993006993,
        "ko": 0
    }
}
    },"req_request-6-027a9": {
        "type": "REQUEST",
        "name": "request_6",
"path": "request_6",
"pathFormatted": "req_request-6-027a9",
"stats": {
    "name": "request_6",
    "numberOfRequests": {
        "total": 1,
        "ok": 1,
        "ko": 0
    },
    "minResponseTime": {
        "total": 124,
        "ok": 124,
        "ko": 0
    },
    "maxResponseTime": {
        "total": 124,
        "ok": 124,
        "ko": 0
    },
    "meanResponseTime": {
        "total": 124,
        "ok": 124,
        "ko": 0
    },
    "standardDeviation": {
        "total": 0,
        "ok": 0,
        "ko": 0
    },
    "percentiles1": {
        "total": 124,
        "ok": 124,
        "ko": 0
    },
    "percentiles2": {
        "total": 124,
        "ok": 124,
        "ko": 0
    },
    "percentiles3": {
        "total": 124,
        "ok": 124,
        "ko": 0
    },
    "percentiles4": {
        "total": 124,
        "ok": 124,
        "ko": 0
    },
    "group1": {
        "name": "t < 800 ms",
        "count": 1,
        "percentage": 100
    },
    "group2": {
        "name": "800 ms < t < 1200 ms",
        "count": 0,
        "percentage": 0
    },
    "group3": {
        "name": "t > 1200 ms",
        "count": 0,
        "percentage": 0
    },
    "group4": {
        "name": "failed",
        "count": 0,
        "percentage": 0
    },
    "meanNumberOfRequestsPerSecond": {
        "total": 0.006993006993006993,
        "ok": 0.006993006993006993,
        "ko": 0
    }
}
    },"req_request-7-f222f": {
        "type": "REQUEST",
        "name": "request_7",
"path": "request_7",
"pathFormatted": "req_request-7-f222f",
"stats": {
    "name": "request_7",
    "numberOfRequests": {
        "total": 1,
        "ok": 1,
        "ko": 0
    },
    "minResponseTime": {
        "total": 121,
        "ok": 121,
        "ko": 0
    },
    "maxResponseTime": {
        "total": 121,
        "ok": 121,
        "ko": 0
    },
    "meanResponseTime": {
        "total": 121,
        "ok": 121,
        "ko": 0
    },
    "standardDeviation": {
        "total": 0,
        "ok": 0,
        "ko": 0
    },
    "percentiles1": {
        "total": 121,
        "ok": 121,
        "ko": 0
    },
    "percentiles2": {
        "total": 121,
        "ok": 121,
        "ko": 0
    },
    "percentiles3": {
        "total": 121,
        "ok": 121,
        "ko": 0
    },
    "percentiles4": {
        "total": 121,
        "ok": 121,
        "ko": 0
    },
    "group1": {
        "name": "t < 800 ms",
        "count": 1,
        "percentage": 100
    },
    "group2": {
        "name": "800 ms < t < 1200 ms",
        "count": 0,
        "percentage": 0
    },
    "group3": {
        "name": "t > 1200 ms",
        "count": 0,
        "percentage": 0
    },
    "group4": {
        "name": "failed",
        "count": 0,
        "percentage": 0
    },
    "meanNumberOfRequestsPerSecond": {
        "total": 0.006993006993006993,
        "ok": 0.006993006993006993,
        "ko": 0
    }
}
    },"req_request-8-ef0c8": {
        "type": "REQUEST",
        "name": "request_8",
"path": "request_8",
"pathFormatted": "req_request-8-ef0c8",
"stats": {
    "name": "request_8",
    "numberOfRequests": {
        "total": 1,
        "ok": 1,
        "ko": 0
    },
    "minResponseTime": {
        "total": 210,
        "ok": 210,
        "ko": 0
    },
    "maxResponseTime": {
        "total": 210,
        "ok": 210,
        "ko": 0
    },
    "meanResponseTime": {
        "total": 210,
        "ok": 210,
        "ko": 0
    },
    "standardDeviation": {
        "total": 0,
        "ok": 0,
        "ko": 0
    },
    "percentiles1": {
        "total": 210,
        "ok": 210,
        "ko": 0
    },
    "percentiles2": {
        "total": 210,
        "ok": 210,
        "ko": 0
    },
    "percentiles3": {
        "total": 210,
        "ok": 210,
        "ko": 0
    },
    "percentiles4": {
        "total": 210,
        "ok": 210,
        "ko": 0
    },
    "group1": {
        "name": "t < 800 ms",
        "count": 1,
        "percentage": 100
    },
    "group2": {
        "name": "800 ms < t < 1200 ms",
        "count": 0,
        "percentage": 0
    },
    "group3": {
        "name": "t > 1200 ms",
        "count": 0,
        "percentage": 0
    },
    "group4": {
        "name": "failed",
        "count": 0,
        "percentage": 0
    },
    "meanNumberOfRequestsPerSecond": {
        "total": 0.006993006993006993,
        "ok": 0.006993006993006993,
        "ko": 0
    }
}
    },"req_request-9-d127e": {
        "type": "REQUEST",
        "name": "request_9",
"path": "request_9",
"pathFormatted": "req_request-9-d127e",
"stats": {
    "name": "request_9",
    "numberOfRequests": {
        "total": 1,
        "ok": 1,
        "ko": 0
    },
    "minResponseTime": {
        "total": 141,
        "ok": 141,
        "ko": 0
    },
    "maxResponseTime": {
        "total": 141,
        "ok": 141,
        "ko": 0
    },
    "meanResponseTime": {
        "total": 141,
        "ok": 141,
        "ko": 0
    },
    "standardDeviation": {
        "total": 0,
        "ok": 0,
        "ko": 0
    },
    "percentiles1": {
        "total": 141,
        "ok": 141,
        "ko": 0
    },
    "percentiles2": {
        "total": 141,
        "ok": 141,
        "ko": 0
    },
    "percentiles3": {
        "total": 141,
        "ok": 141,
        "ko": 0
    },
    "percentiles4": {
        "total": 141,
        "ok": 141,
        "ko": 0
    },
    "group1": {
        "name": "t < 800 ms",
        "count": 1,
        "percentage": 100
    },
    "group2": {
        "name": "800 ms < t < 1200 ms",
        "count": 0,
        "percentage": 0
    },
    "group3": {
        "name": "t > 1200 ms",
        "count": 0,
        "percentage": 0
    },
    "group4": {
        "name": "failed",
        "count": 0,
        "percentage": 0
    },
    "meanNumberOfRequestsPerSecond": {
        "total": 0.006993006993006993,
        "ok": 0.006993006993006993,
        "ko": 0
    }
}
    },"req_request-10-1cfbe": {
        "type": "REQUEST",
        "name": "request_10",
"path": "request_10",
"pathFormatted": "req_request-10-1cfbe",
"stats": {
    "name": "request_10",
    "numberOfRequests": {
        "total": 1,
        "ok": 1,
        "ko": 0
    },
    "minResponseTime": {
        "total": 171,
        "ok": 171,
        "ko": 0
    },
    "maxResponseTime": {
        "total": 171,
        "ok": 171,
        "ko": 0
    },
    "meanResponseTime": {
        "total": 171,
        "ok": 171,
        "ko": 0
    },
    "standardDeviation": {
        "total": 0,
        "ok": 0,
        "ko": 0
    },
    "percentiles1": {
        "total": 171,
        "ok": 171,
        "ko": 0
    },
    "percentiles2": {
        "total": 171,
        "ok": 171,
        "ko": 0
    },
    "percentiles3": {
        "total": 171,
        "ok": 171,
        "ko": 0
    },
    "percentiles4": {
        "total": 171,
        "ok": 171,
        "ko": 0
    },
    "group1": {
        "name": "t < 800 ms",
        "count": 1,
        "percentage": 100
    },
    "group2": {
        "name": "800 ms < t < 1200 ms",
        "count": 0,
        "percentage": 0
    },
    "group3": {
        "name": "t > 1200 ms",
        "count": 0,
        "percentage": 0
    },
    "group4": {
        "name": "failed",
        "count": 0,
        "percentage": 0
    },
    "meanNumberOfRequestsPerSecond": {
        "total": 0.006993006993006993,
        "ok": 0.006993006993006993,
        "ko": 0
    }
}
    },"req_request-11-f11e8": {
        "type": "REQUEST",
        "name": "request_11",
"path": "request_11",
"pathFormatted": "req_request-11-f11e8",
"stats": {
    "name": "request_11",
    "numberOfRequests": {
        "total": 1,
        "ok": 1,
        "ko": 0
    },
    "minResponseTime": {
        "total": 186,
        "ok": 186,
        "ko": 0
    },
    "maxResponseTime": {
        "total": 186,
        "ok": 186,
        "ko": 0
    },
    "meanResponseTime": {
        "total": 186,
        "ok": 186,
        "ko": 0
    },
    "standardDeviation": {
        "total": 0,
        "ok": 0,
        "ko": 0
    },
    "percentiles1": {
        "total": 186,
        "ok": 186,
        "ko": 0
    },
    "percentiles2": {
        "total": 186,
        "ok": 186,
        "ko": 0
    },
    "percentiles3": {
        "total": 186,
        "ok": 186,
        "ko": 0
    },
    "percentiles4": {
        "total": 186,
        "ok": 186,
        "ko": 0
    },
    "group1": {
        "name": "t < 800 ms",
        "count": 1,
        "percentage": 100
    },
    "group2": {
        "name": "800 ms < t < 1200 ms",
        "count": 0,
        "percentage": 0
    },
    "group3": {
        "name": "t > 1200 ms",
        "count": 0,
        "percentage": 0
    },
    "group4": {
        "name": "failed",
        "count": 0,
        "percentage": 0
    },
    "meanNumberOfRequestsPerSecond": {
        "total": 0.006993006993006993,
        "ok": 0.006993006993006993,
        "ko": 0
    }
}
    },"req_request-11-redi-fb9d7": {
        "type": "REQUEST",
        "name": "request_11 Redirect 1",
"path": "request_11 Redirect 1",
"pathFormatted": "req_request-11-redi-fb9d7",
"stats": {
    "name": "request_11 Redirect 1",
    "numberOfRequests": {
        "total": 1,
        "ok": 1,
        "ko": 0
    },
    "minResponseTime": {
        "total": 127,
        "ok": 127,
        "ko": 0
    },
    "maxResponseTime": {
        "total": 127,
        "ok": 127,
        "ko": 0
    },
    "meanResponseTime": {
        "total": 127,
        "ok": 127,
        "ko": 0
    },
    "standardDeviation": {
        "total": 0,
        "ok": 0,
        "ko": 0
    },
    "percentiles1": {
        "total": 127,
        "ok": 127,
        "ko": 0
    },
    "percentiles2": {
        "total": 127,
        "ok": 127,
        "ko": 0
    },
    "percentiles3": {
        "total": 127,
        "ok": 127,
        "ko": 0
    },
    "percentiles4": {
        "total": 127,
        "ok": 127,
        "ko": 0
    },
    "group1": {
        "name": "t < 800 ms",
        "count": 1,
        "percentage": 100
    },
    "group2": {
        "name": "800 ms < t < 1200 ms",
        "count": 0,
        "percentage": 0
    },
    "group3": {
        "name": "t > 1200 ms",
        "count": 0,
        "percentage": 0
    },
    "group4": {
        "name": "failed",
        "count": 0,
        "percentage": 0
    },
    "meanNumberOfRequestsPerSecond": {
        "total": 0.006993006993006993,
        "ok": 0.006993006993006993,
        "ko": 0
    }
}
    }
}

}