{
  "type": "GROUP",
"name": "Global Information",
"path": "",
"pathFormatted": "group_missing-name-b06d1",
"stats": {
    "name": "Global Information",
    "numberOfRequests": {
        "total": 126,
        "ok": 126,
        "ko": 0
    },
    "minResponseTime": {
        "total": 42,
        "ok": 42,
        "ko": 0
    },
    "maxResponseTime": {
        "total": 178,
        "ok": 178,
        "ko": 0
    },
    "meanResponseTime": {
        "total": 58,
        "ok": 58,
        "ko": 0
    },
    "standardDeviation": {
        "total": 17,
        "ok": 17,
        "ko": 0
    },
    "percentiles1": {
        "total": 53,
        "ok": 53,
        "ko": 0
    },
    "percentiles2": {
        "total": 60,
        "ok": 60,
        "ko": 0
    },
    "percentiles3": {
        "total": 88,
        "ok": 88,
        "ko": 0
    },
    "percentiles4": {
        "total": 130,
        "ok": 130,
        "ko": 0
    },
    "group1": {
        "name": "t < 800 ms",
        "count": 126,
        "percentage": 100
    },
    "group2": {
        "name": "800 ms < t < 1200 ms",
        "count": 0,
        "percentage": 0
    },
    "group3": {
        "name": "t > 1200 ms",
        "count": 0,
        "percentage": 0
    },
    "group4": {
        "name": "failed",
        "count": 0,
        "percentage": 0
    },
    "meanNumberOfRequestsPerSecond": {
        "total": 5.7272727272727275,
        "ok": 5.7272727272727275,
        "ko": 0
    }
},
"contents": {
"req_home-8cf04": {
        "type": "REQUEST",
        "name": "Home",
"path": "Home",
"pathFormatted": "req_home-8cf04",
"stats": {
    "name": "Home",
    "numberOfRequests": {
        "total": 24,
        "ok": 24,
        "ko": 0
    },
    "minResponseTime": {
        "total": 42,
        "ok": 42,
        "ko": 0
    },
    "maxResponseTime": {
        "total": 134,
        "ok": 134,
        "ko": 0
    },
    "meanResponseTime": {
        "total": 63,
        "ok": 63,
        "ko": 0
    },
    "standardDeviation": {
        "total": 22,
        "ok": 22,
        "ko": 0
    },
    "percentiles1": {
        "total": 54,
        "ok": 54,
        "ko": 0
    },
    "percentiles2": {
        "total": 71,
        "ok": 71,
        "ko": 0
    },
    "percentiles3": {
        "total": 105,
        "ok": 105,
        "ko": 0
    },
    "percentiles4": {
        "total": 128,
        "ok": 128,
        "ko": 0
    },
    "group1": {
        "name": "t < 800 ms",
        "count": 24,
        "percentage": 100
    },
    "group2": {
        "name": "800 ms < t < 1200 ms",
        "count": 0,
        "percentage": 0
    },
    "group3": {
        "name": "t > 1200 ms",
        "count": 0,
        "percentage": 0
    },
    "group4": {
        "name": "failed",
        "count": 0,
        "percentage": 0
    },
    "meanNumberOfRequestsPerSecond": {
        "total": 1.0909090909090908,
        "ok": 1.0909090909090908,
        "ko": 0
    }
}
    },"req_home-redirect-1-df14c": {
        "type": "REQUEST",
        "name": "Home Redirect 1",
"path": "Home Redirect 1",
"pathFormatted": "req_home-redirect-1-df14c",
"stats": {
    "name": "Home Redirect 1",
    "numberOfRequests": {
        "total": 24,
        "ok": 24,
        "ko": 0
    },
    "minResponseTime": {
        "total": 53,
        "ok": 53,
        "ko": 0
    },
    "maxResponseTime": {
        "total": 178,
        "ok": 178,
        "ko": 0
    },
    "meanResponseTime": {
        "total": 68,
        "ok": 68,
        "ko": 0
    },
    "standardDeviation": {
        "total": 27,
        "ok": 27,
        "ko": 0
    },
    "percentiles1": {
        "total": 60,
        "ok": 60,
        "ko": 0
    },
    "percentiles2": {
        "total": 64,
        "ok": 64,
        "ko": 0
    },
    "percentiles3": {
        "total": 115,
        "ok": 115,
        "ko": 0
    },
    "percentiles4": {
        "total": 164,
        "ok": 164,
        "ko": 0
    },
    "group1": {
        "name": "t < 800 ms",
        "count": 24,
        "percentage": 100
    },
    "group2": {
        "name": "800 ms < t < 1200 ms",
        "count": 0,
        "percentage": 0
    },
    "group3": {
        "name": "t > 1200 ms",
        "count": 0,
        "percentage": 0
    },
    "group4": {
        "name": "failed",
        "count": 0,
        "percentage": 0
    },
    "meanNumberOfRequestsPerSecond": {
        "total": 1.0909090909090908,
        "ok": 1.0909090909090908,
        "ko": 0
    }
}
    },"req_search-13348": {
        "type": "REQUEST",
        "name": "Search",
"path": "Search",
"pathFormatted": "req_search-13348",
"stats": {
    "name": "Search",
    "numberOfRequests": {
        "total": 12,
        "ok": 12,
        "ko": 0
    },
    "minResponseTime": {
        "total": 58,
        "ok": 58,
        "ko": 0
    },
    "maxResponseTime": {
        "total": 70,
        "ok": 70,
        "ko": 0
    },
    "meanResponseTime": {
        "total": 62,
        "ok": 62,
        "ko": 0
    },
    "standardDeviation": {
        "total": 3,
        "ok": 3,
        "ko": 0
    },
    "percentiles1": {
        "total": 61,
        "ok": 61,
        "ko": 0
    },
    "percentiles2": {
        "total": 64,
        "ok": 64,
        "ko": 0
    },
    "percentiles3": {
        "total": 68,
        "ok": 68,
        "ko": 0
    },
    "percentiles4": {
        "total": 69,
        "ok": 69,
        "ko": 0
    },
    "group1": {
        "name": "t < 800 ms",
        "count": 12,
        "percentage": 100
    },
    "group2": {
        "name": "800 ms < t < 1200 ms",
        "count": 0,
        "percentage": 0
    },
    "group3": {
        "name": "t > 1200 ms",
        "count": 0,
        "percentage": 0
    },
    "group4": {
        "name": "failed",
        "count": 0,
        "percentage": 0
    },
    "meanNumberOfRequestsPerSecond": {
        "total": 0.5454545454545454,
        "ok": 0.5454545454545454,
        "ko": 0
    }
}
    },"req_select-e0626": {
        "type": "REQUEST",
        "name": "Select",
"path": "Select",
"pathFormatted": "req_select-e0626",
"stats": {
    "name": "Select",
    "numberOfRequests": {
        "total": 12,
        "ok": 12,
        "ko": 0
    },
    "minResponseTime": {
        "total": 52,
        "ok": 52,
        "ko": 0
    },
    "maxResponseTime": {
        "total": 74,
        "ok": 74,
        "ko": 0
    },
    "meanResponseTime": {
        "total": 56,
        "ok": 56,
        "ko": 0
    },
    "standardDeviation": {
        "total": 5,
        "ok": 5,
        "ko": 0
    },
    "percentiles1": {
        "total": 54,
        "ok": 54,
        "ko": 0
    },
    "percentiles2": {
        "total": 56,
        "ok": 56,
        "ko": 0
    },
    "percentiles3": {
        "total": 66,
        "ok": 66,
        "ko": 0
    },
    "percentiles4": {
        "total": 72,
        "ok": 72,
        "ko": 0
    },
    "group1": {
        "name": "t < 800 ms",
        "count": 12,
        "percentage": 100
    },
    "group2": {
        "name": "800 ms < t < 1200 ms",
        "count": 0,
        "percentage": 0
    },
    "group3": {
        "name": "t > 1200 ms",
        "count": 0,
        "percentage": 0
    },
    "group4": {
        "name": "failed",
        "count": 0,
        "percentage": 0
    },
    "meanNumberOfRequestsPerSecond": {
        "total": 0.5454545454545454,
        "ok": 0.5454545454545454,
        "ko": 0
    }
}
    },"req_page-1-dffde": {
        "type": "REQUEST",
        "name": "Page 1",
"path": "Page 1",
"pathFormatted": "req_page-1-dffde",
"stats": {
    "name": "Page 1",
    "numberOfRequests": {
        "total": 12,
        "ok": 12,
        "ko": 0
    },
    "minResponseTime": {
        "total": 48,
        "ok": 48,
        "ko": 0
    },
    "maxResponseTime": {
        "total": 89,
        "ok": 89,
        "ko": 0
    },
    "meanResponseTime": {
        "total": 54,
        "ok": 54,
        "ko": 0
    },
    "standardDeviation": {
        "total": 10,
        "ok": 10,
        "ko": 0
    },
    "percentiles1": {
        "total": 51,
        "ok": 51,
        "ko": 0
    },
    "percentiles2": {
        "total": 54,
        "ok": 54,
        "ko": 0
    },
    "percentiles3": {
        "total": 71,
        "ok": 71,
        "ko": 0
    },
    "percentiles4": {
        "total": 85,
        "ok": 85,
        "ko": 0
    },
    "group1": {
        "name": "t < 800 ms",
        "count": 12,
        "percentage": 100
    },
    "group2": {
        "name": "800 ms < t < 1200 ms",
        "count": 0,
        "percentage": 0
    },
    "group3": {
        "name": "t > 1200 ms",
        "count": 0,
        "percentage": 0
    },
    "group4": {
        "name": "failed",
        "count": 0,
        "percentage": 0
    },
    "meanNumberOfRequestsPerSecond": {
        "total": 0.5454545454545454,
        "ok": 0.5454545454545454,
        "ko": 0
    }
}
    },"req_page-2-9cd0e": {
        "type": "REQUEST",
        "name": "Page 2",
"path": "Page 2",
"pathFormatted": "req_page-2-9cd0e",
"stats": {
    "name": "Page 2",
    "numberOfRequests": {
        "total": 12,
        "ok": 12,
        "ko": 0
    },
    "minResponseTime": {
        "total": 44,
        "ok": 44,
        "ko": 0
    },
    "maxResponseTime": {
        "total": 53,
        "ok": 53,
        "ko": 0
    },
    "meanResponseTime": {
        "total": 47,
        "ok": 47,
        "ko": 0
    },
    "standardDeviation": {
        "total": 2,
        "ok": 2,
        "ko": 0
    },
    "percentiles1": {
        "total": 47,
        "ok": 47,
        "ko": 0
    },
    "percentiles2": {
        "total": 50,
        "ok": 50,
        "ko": 0
    },
    "percentiles3": {
        "total": 52,
        "ok": 52,
        "ko": 0
    },
    "percentiles4": {
        "total": 52,
        "ok": 52,
        "ko": 0
    },
    "group1": {
        "name": "t < 800 ms",
        "count": 12,
        "percentage": 100
    },
    "group2": {
        "name": "800 ms < t < 1200 ms",
        "count": 0,
        "percentage": 0
    },
    "group3": {
        "name": "t > 1200 ms",
        "count": 0,
        "percentage": 0
    },
    "group4": {
        "name": "failed",
        "count": 0,
        "percentage": 0
    },
    "meanNumberOfRequestsPerSecond": {
        "total": 0.5454545454545454,
        "ok": 0.5454545454545454,
        "ko": 0
    }
}
    },"req_page-3-cdc73": {
        "type": "REQUEST",
        "name": "Page 3",
"path": "Page 3",
"pathFormatted": "req_page-3-cdc73",
"stats": {
    "name": "Page 3",
    "numberOfRequests": {
        "total": 12,
        "ok": 12,
        "ko": 0
    },
    "minResponseTime": {
        "total": 45,
        "ok": 45,
        "ko": 0
    },
    "maxResponseTime": {
        "total": 53,
        "ok": 53,
        "ko": 0
    },
    "meanResponseTime": {
        "total": 49,
        "ok": 49,
        "ko": 0
    },
    "standardDeviation": {
        "total": 2,
        "ok": 2,
        "ko": 0
    },
    "percentiles1": {
        "total": 51,
        "ok": 51,
        "ko": 0
    },
    "percentiles2": {
        "total": 51,
        "ok": 51,
        "ko": 0
    },
    "percentiles3": {
        "total": 52,
        "ok": 52,
        "ko": 0
    },
    "percentiles4": {
        "total": 52,
        "ok": 52,
        "ko": 0
    },
    "group1": {
        "name": "t < 800 ms",
        "count": 12,
        "percentage": 100
    },
    "group2": {
        "name": "800 ms < t < 1200 ms",
        "count": 0,
        "percentage": 0
    },
    "group3": {
        "name": "t > 1200 ms",
        "count": 0,
        "percentage": 0
    },
    "group4": {
        "name": "failed",
        "count": 0,
        "percentage": 0
    },
    "meanNumberOfRequestsPerSecond": {
        "total": 0.5454545454545454,
        "ok": 0.5454545454545454,
        "ko": 0
    }
}
    },"req_page-4-badfc": {
        "type": "REQUEST",
        "name": "Page 4",
"path": "Page 4",
"pathFormatted": "req_page-4-badfc",
"stats": {
    "name": "Page 4",
    "numberOfRequests": {
        "total": 12,
        "ok": 12,
        "ko": 0
    },
    "minResponseTime": {
        "total": 49,
        "ok": 49,
        "ko": 0
    },
    "maxResponseTime": {
        "total": 57,
        "ok": 57,
        "ko": 0
    },
    "meanResponseTime": {
        "total": 52,
        "ok": 52,
        "ko": 0
    },
    "standardDeviation": {
        "total": 2,
        "ok": 2,
        "ko": 0
    },
    "percentiles1": {
        "total": 52,
        "ok": 52,
        "ko": 0
    },
    "percentiles2": {
        "total": 54,
        "ok": 54,
        "ko": 0
    },
    "percentiles3": {
        "total": 56,
        "ok": 56,
        "ko": 0
    },
    "percentiles4": {
        "total": 56,
        "ok": 56,
        "ko": 0
    },
    "group1": {
        "name": "t < 800 ms",
        "count": 12,
        "percentage": 100
    },
    "group2": {
        "name": "800 ms < t < 1200 ms",
        "count": 0,
        "percentage": 0
    },
    "group3": {
        "name": "t > 1200 ms",
        "count": 0,
        "percentage": 0
    },
    "group4": {
        "name": "failed",
        "count": 0,
        "percentage": 0
    },
    "meanNumberOfRequestsPerSecond": {
        "total": 0.5454545454545454,
        "ok": 0.5454545454545454,
        "ko": 0
    }
}
    },"req_form-d359c": {
        "type": "REQUEST",
        "name": "Form",
"path": "Form",
"pathFormatted": "req_form-d359c",
"stats": {
    "name": "Form",
    "numberOfRequests": {
        "total": 2,
        "ok": 2,
        "ko": 0
    },
    "minResponseTime": {
        "total": 51,
        "ok": 51,
        "ko": 0
    },
    "maxResponseTime": {
        "total": 51,
        "ok": 51,
        "ko": 0
    },
    "meanResponseTime": {
        "total": 51,
        "ok": 51,
        "ko": 0
    },
    "standardDeviation": {
        "total": 0,
        "ok": 0,
        "ko": 0
    },
    "percentiles1": {
        "total": 51,
        "ok": 51,
        "ko": 0
    },
    "percentiles2": {
        "total": 51,
        "ok": 51,
        "ko": 0
    },
    "percentiles3": {
        "total": 51,
        "ok": 51,
        "ko": 0
    },
    "percentiles4": {
        "total": 51,
        "ok": 51,
        "ko": 0
    },
    "group1": {
        "name": "t < 800 ms",
        "count": 2,
        "percentage": 100
    },
    "group2": {
        "name": "800 ms < t < 1200 ms",
        "count": 0,
        "percentage": 0
    },
    "group3": {
        "name": "t > 1200 ms",
        "count": 0,
        "percentage": 0
    },
    "group4": {
        "name": "failed",
        "count": 0,
        "percentage": 0
    },
    "meanNumberOfRequestsPerSecond": {
        "total": 0.09090909090909091,
        "ok": 0.09090909090909091,
        "ko": 0
    }
}
    },"req_post-03d94": {
        "type": "REQUEST",
        "name": "Post",
"path": "Post",
"pathFormatted": "req_post-03d94",
"stats": {
    "name": "Post",
    "numberOfRequests": {
        "total": 2,
        "ok": 2,
        "ko": 0
    },
    "minResponseTime": {
        "total": 44,
        "ok": 44,
        "ko": 0
    },
    "maxResponseTime": {
        "total": 49,
        "ok": 49,
        "ko": 0
    },
    "meanResponseTime": {
        "total": 46,
        "ok": 46,
        "ko": 0
    },
    "standardDeviation": {
        "total": 2,
        "ok": 2,
        "ko": 0
    },
    "percentiles1": {
        "total": 46,
        "ok": 46,
        "ko": 0
    },
    "percentiles2": {
        "total": 47,
        "ok": 47,
        "ko": 0
    },
    "percentiles3": {
        "total": 48,
        "ok": 48,
        "ko": 0
    },
    "percentiles4": {
        "total": 48,
        "ok": 48,
        "ko": 0
    },
    "group1": {
        "name": "t < 800 ms",
        "count": 2,
        "percentage": 100
    },
    "group2": {
        "name": "800 ms < t < 1200 ms",
        "count": 0,
        "percentage": 0
    },
    "group3": {
        "name": "t > 1200 ms",
        "count": 0,
        "percentage": 0
    },
    "group4": {
        "name": "failed",
        "count": 0,
        "percentage": 0
    },
    "meanNumberOfRequestsPerSecond": {
        "total": 0.09090909090909091,
        "ok": 0.09090909090909091,
        "ko": 0
    }
}
    },"req_post-redirect-1-1713a": {
        "type": "REQUEST",
        "name": "Post Redirect 1",
"path": "Post Redirect 1",
"pathFormatted": "req_post-redirect-1-1713a",
"stats": {
    "name": "Post Redirect 1",
    "numberOfRequests": {
        "total": 2,
        "ok": 2,
        "ko": 0
    },
    "minResponseTime": {
        "total": 51,
        "ok": 51,
        "ko": 0
    },
    "maxResponseTime": {
        "total": 52,
        "ok": 52,
        "ko": 0
    },
    "meanResponseTime": {
        "total": 51,
        "ok": 51,
        "ko": 0
    },
    "standardDeviation": {
        "total": 0,
        "ok": 0,
        "ko": 0
    },
    "percentiles1": {
        "total": 51,
        "ok": 51,
        "ko": 0
    },
    "percentiles2": {
        "total": 51,
        "ok": 51,
        "ko": 0
    },
    "percentiles3": {
        "total": 51,
        "ok": 51,
        "ko": 0
    },
    "percentiles4": {
        "total": 51,
        "ok": 51,
        "ko": 0
    },
    "group1": {
        "name": "t < 800 ms",
        "count": 2,
        "percentage": 100
    },
    "group2": {
        "name": "800 ms < t < 1200 ms",
        "count": 0,
        "percentage": 0
    },
    "group3": {
        "name": "t > 1200 ms",
        "count": 0,
        "percentage": 0
    },
    "group4": {
        "name": "failed",
        "count": 0,
        "percentage": 0
    },
    "meanNumberOfRequestsPerSecond": {
        "total": 0.09090909090909091,
        "ok": 0.09090909090909091,
        "ko": 0
    }
}
    }
}

}