{
    "name": "Global Information",
    "numberOfRequests": {
        "total": 102,
        "ok": 102,
        "ko": 0
    },
    "minResponseTime": {
        "total": 44,
        "ok": 44,
        "ko": 0
    },
    "maxResponseTime": {
        "total": 102,
        "ok": 102,
        "ko": 0
    },
    "meanResponseTime": {
        "total": 56,
        "ok": 56,
        "ko": 0
    },
    "standardDeviation": {
        "total": 12,
        "ok": 12,
        "ko": 0
    },
    "percentiles1": {
        "total": 53,
        "ok": 53,
        "ko": 0
    },
    "percentiles2": {
        "total": 59,
        "ok": 59,
        "ko": 0
    },
    "percentiles3": {
        "total": 83,
        "ok": 83,
        "ko": 0
    },
    "percentiles4": {
        "total": 99,
        "ok": 99,
        "ko": 0
    },
    "group1": {
        "name": "t < 800 ms",
        "count": 102,
        "percentage": 100
    },
    "group2": {
        "name": "800 ms < t < 1200 ms",
        "count": 0,
        "percentage": 0
    },
    "group3": {
        "name": "t > 1200 ms",
        "count": 0,
        "percentage": 0
    },
    "group4": {
        "name": "failed",
        "count": 0,
        "percentage": 0
    },
    "meanNumberOfRequestsPerSecond": {
        "total": 6.0,
        "ok": 6.0,
        "ko": 0
    }
}