{
  "type": "GROUP",
"name": "Global Information",
"path": "",
"pathFormatted": "group_missing-name-b06d1",
"stats": {
    "name": "Global Information",
    "numberOfRequests": {
        "total": 102,
        "ok": 102,
        "ko": 0
    },
    "minResponseTime": {
        "total": 44,
        "ok": 44,
        "ko": 0
    },
    "maxResponseTime": {
        "total": 102,
        "ok": 102,
        "ko": 0
    },
    "meanResponseTime": {
        "total": 56,
        "ok": 56,
        "ko": 0
    },
    "standardDeviation": {
        "total": 12,
        "ok": 12,
        "ko": 0
    },
    "percentiles1": {
        "total": 53,
        "ok": 53,
        "ko": 0
    },
    "percentiles2": {
        "total": 59,
        "ok": 59,
        "ko": 0
    },
    "percentiles3": {
        "total": 83,
        "ok": 83,
        "ko": 0
    },
    "percentiles4": {
        "total": 99,
        "ok": 99,
        "ko": 0
    },
    "group1": {
        "name": "t < 800 ms",
        "count": 102,
        "percentage": 100
    },
    "group2": {
        "name": "800 ms < t < 1200 ms",
        "count": 0,
        "percentage": 0
    },
    "group3": {
        "name": "t > 1200 ms",
        "count": 0,
        "percentage": 0
    },
    "group4": {
        "name": "failed",
        "count": 0,
        "percentage": 0
    },
    "meanNumberOfRequestsPerSecond": {
        "total": 6.0,
        "ok": 6.0,
        "ko": 0
    }
},
"contents": {
"req_home-8cf04": {
        "type": "REQUEST",
        "name": "Home",
"path": "Home",
"pathFormatted": "req_home-8cf04",
"stats": {
    "name": "Home",
    "numberOfRequests": {
        "total": 12,
        "ok": 12,
        "ko": 0
    },
    "minResponseTime": {
        "total": 48,
        "ok": 48,
        "ko": 0
    },
    "maxResponseTime": {
        "total": 100,
        "ok": 100,
        "ko": 0
    },
    "meanResponseTime": {
        "total": 60,
        "ok": 60,
        "ko": 0
    },
    "standardDeviation": {
        "total": 15,
        "ok": 15,
        "ko": 0
    },
    "percentiles1": {
        "total": 55,
        "ok": 55,
        "ko": 0
    },
    "percentiles2": {
        "total": 60,
        "ok": 60,
        "ko": 0
    },
    "percentiles3": {
        "total": 91,
        "ok": 91,
        "ko": 0
    },
    "percentiles4": {
        "total": 98,
        "ok": 98,
        "ko": 0
    },
    "group1": {
        "name": "t < 800 ms",
        "count": 12,
        "percentage": 100
    },
    "group2": {
        "name": "800 ms < t < 1200 ms",
        "count": 0,
        "percentage": 0
    },
    "group3": {
        "name": "t > 1200 ms",
        "count": 0,
        "percentage": 0
    },
    "group4": {
        "name": "failed",
        "count": 0,
        "percentage": 0
    },
    "meanNumberOfRequestsPerSecond": {
        "total": 0.7058823529411765,
        "ok": 0.7058823529411765,
        "ko": 0
    }
}
    },"req_home-redirect-1-df14c": {
        "type": "REQUEST",
        "name": "Home Redirect 1",
"path": "Home Redirect 1",
"pathFormatted": "req_home-redirect-1-df14c",
"stats": {
    "name": "Home Redirect 1",
    "numberOfRequests": {
        "total": 12,
        "ok": 12,
        "ko": 0
    },
    "minResponseTime": {
        "total": 54,
        "ok": 54,
        "ko": 0
    },
    "maxResponseTime": {
        "total": 71,
        "ok": 71,
        "ko": 0
    },
    "meanResponseTime": {
        "total": 60,
        "ok": 60,
        "ko": 0
    },
    "standardDeviation": {
        "total": 4,
        "ok": 4,
        "ko": 0
    },
    "percentiles1": {
        "total": 60,
        "ok": 60,
        "ko": 0
    },
    "percentiles2": {
        "total": 62,
        "ok": 62,
        "ko": 0
    },
    "percentiles3": {
        "total": 67,
        "ok": 67,
        "ko": 0
    },
    "percentiles4": {
        "total": 70,
        "ok": 70,
        "ko": 0
    },
    "group1": {
        "name": "t < 800 ms",
        "count": 12,
        "percentage": 100
    },
    "group2": {
        "name": "800 ms < t < 1200 ms",
        "count": 0,
        "percentage": 0
    },
    "group3": {
        "name": "t > 1200 ms",
        "count": 0,
        "percentage": 0
    },
    "group4": {
        "name": "failed",
        "count": 0,
        "percentage": 0
    },
    "meanNumberOfRequestsPerSecond": {
        "total": 0.7058823529411765,
        "ok": 0.7058823529411765,
        "ko": 0
    }
}
    },"req_search-13348": {
        "type": "REQUEST",
        "name": "Search",
"path": "Search",
"pathFormatted": "req_search-13348",
"stats": {
    "name": "Search",
    "numberOfRequests": {
        "total": 12,
        "ok": 12,
        "ko": 0
    },
    "minResponseTime": {
        "total": 46,
        "ok": 46,
        "ko": 0
    },
    "maxResponseTime": {
        "total": 80,
        "ok": 80,
        "ko": 0
    },
    "meanResponseTime": {
        "total": 59,
        "ok": 59,
        "ko": 0
    },
    "standardDeviation": {
        "total": 11,
        "ok": 11,
        "ko": 0
    },
    "percentiles1": {
        "total": 59,
        "ok": 59,
        "ko": 0
    },
    "percentiles2": {
        "total": 66,
        "ok": 66,
        "ko": 0
    },
    "percentiles3": {
        "total": 78,
        "ok": 78,
        "ko": 0
    },
    "percentiles4": {
        "total": 79,
        "ok": 79,
        "ko": 0
    },
    "group1": {
        "name": "t < 800 ms",
        "count": 12,
        "percentage": 100
    },
    "group2": {
        "name": "800 ms < t < 1200 ms",
        "count": 0,
        "percentage": 0
    },
    "group3": {
        "name": "t > 1200 ms",
        "count": 0,
        "percentage": 0
    },
    "group4": {
        "name": "failed",
        "count": 0,
        "percentage": 0
    },
    "meanNumberOfRequestsPerSecond": {
        "total": 0.7058823529411765,
        "ok": 0.7058823529411765,
        "ko": 0
    }
}
    },"req_select-e0626": {
        "type": "REQUEST",
        "name": "Select",
"path": "Select",
"pathFormatted": "req_select-e0626",
"stats": {
    "name": "Select",
    "numberOfRequests": {
        "total": 12,
        "ok": 12,
        "ko": 0
    },
    "minResponseTime": {
        "total": 45,
        "ok": 45,
        "ko": 0
    },
    "maxResponseTime": {
        "total": 102,
        "ok": 102,
        "ko": 0
    },
    "meanResponseTime": {
        "total": 55,
        "ok": 55,
        "ko": 0
    },
    "standardDeviation": {
        "total": 14,
        "ok": 14,
        "ko": 0
    },
    "percentiles1": {
        "total": 51,
        "ok": 51,
        "ko": 0
    },
    "percentiles2": {
        "total": 55,
        "ok": 55,
        "ko": 0
    },
    "percentiles3": {
        "total": 78,
        "ok": 78,
        "ko": 0
    },
    "percentiles4": {
        "total": 97,
        "ok": 97,
        "ko": 0
    },
    "group1": {
        "name": "t < 800 ms",
        "count": 12,
        "percentage": 100
    },
    "group2": {
        "name": "800 ms < t < 1200 ms",
        "count": 0,
        "percentage": 0
    },
    "group3": {
        "name": "t > 1200 ms",
        "count": 0,
        "percentage": 0
    },
    "group4": {
        "name": "failed",
        "count": 0,
        "percentage": 0
    },
    "meanNumberOfRequestsPerSecond": {
        "total": 0.7058823529411765,
        "ok": 0.7058823529411765,
        "ko": 0
    }
}
    },"req_page-0-bd5d5": {
        "type": "REQUEST",
        "name": "Page 0",
"path": "Page 0",
"pathFormatted": "req_page-0-bd5d5",
"stats": {
    "name": "Page 0",
    "numberOfRequests": {
        "total": 12,
        "ok": 12,
        "ko": 0
    },
    "minResponseTime": {
        "total": 44,
        "ok": 44,
        "ko": 0
    },
    "maxResponseTime": {
        "total": 98,
        "ok": 98,
        "ko": 0
    },
    "meanResponseTime": {
        "total": 54,
        "ok": 54,
        "ko": 0
    },
    "standardDeviation": {
        "total": 13,
        "ok": 13,
        "ko": 0
    },
    "percentiles1": {
        "total": 51,
        "ok": 51,
        "ko": 0
    },
    "percentiles2": {
        "total": 53,
        "ok": 53,
        "ko": 0
    },
    "percentiles3": {
        "total": 78,
        "ok": 78,
        "ko": 0
    },
    "percentiles4": {
        "total": 94,
        "ok": 94,
        "ko": 0
    },
    "group1": {
        "name": "t < 800 ms",
        "count": 12,
        "percentage": 100
    },
    "group2": {
        "name": "800 ms < t < 1200 ms",
        "count": 0,
        "percentage": 0
    },
    "group3": {
        "name": "t > 1200 ms",
        "count": 0,
        "percentage": 0
    },
    "group4": {
        "name": "failed",
        "count": 0,
        "percentage": 0
    },
    "meanNumberOfRequestsPerSecond": {
        "total": 0.7058823529411765,
        "ok": 0.7058823529411765,
        "ko": 0
    }
}
    },"req_page-1-dffde": {
        "type": "REQUEST",
        "name": "Page 1",
"path": "Page 1",
"pathFormatted": "req_page-1-dffde",
"stats": {
    "name": "Page 1",
    "numberOfRequests": {
        "total": 12,
        "ok": 12,
        "ko": 0
    },
    "minResponseTime": {
        "total": 45,
        "ok": 45,
        "ko": 0
    },
    "maxResponseTime": {
        "total": 83,
        "ok": 83,
        "ko": 0
    },
    "meanResponseTime": {
        "total": 54,
        "ok": 54,
        "ko": 0
    },
    "standardDeviation": {
        "total": 12,
        "ok": 12,
        "ko": 0
    },
    "percentiles1": {
        "total": 48,
        "ok": 48,
        "ko": 0
    },
    "percentiles2": {
        "total": 51,
        "ok": 51,
        "ko": 0
    },
    "percentiles3": {
        "total": 82,
        "ok": 82,
        "ko": 0
    },
    "percentiles4": {
        "total": 82,
        "ok": 82,
        "ko": 0
    },
    "group1": {
        "name": "t < 800 ms",
        "count": 12,
        "percentage": 100
    },
    "group2": {
        "name": "800 ms < t < 1200 ms",
        "count": 0,
        "percentage": 0
    },
    "group3": {
        "name": "t > 1200 ms",
        "count": 0,
        "percentage": 0
    },
    "group4": {
        "name": "failed",
        "count": 0,
        "percentage": 0
    },
    "meanNumberOfRequestsPerSecond": {
        "total": 0.7058823529411765,
        "ok": 0.7058823529411765,
        "ko": 0
    }
}
    },"req_page-2-9cd0e": {
        "type": "REQUEST",
        "name": "Page 2",
"path": "Page 2",
"pathFormatted": "req_page-2-9cd0e",
"stats": {
    "name": "Page 2",
    "numberOfRequests": {
        "total": 12,
        "ok": 12,
        "ko": 0
    },
    "minResponseTime": {
        "total": 47,
        "ok": 47,
        "ko": 0
    },
    "maxResponseTime": {
        "total": 87,
        "ok": 87,
        "ko": 0
    },
    "meanResponseTime": {
        "total": 55,
        "ok": 55,
        "ko": 0
    },
    "standardDeviation": {
        "total": 10,
        "ok": 10,
        "ko": 0
    },
    "percentiles1": {
        "total": 52,
        "ok": 52,
        "ko": 0
    },
    "percentiles2": {
        "total": 55,
        "ok": 55,
        "ko": 0
    },
    "percentiles3": {
        "total": 71,
        "ok": 71,
        "ko": 0
    },
    "percentiles4": {
        "total": 83,
        "ok": 83,
        "ko": 0
    },
    "group1": {
        "name": "t < 800 ms",
        "count": 12,
        "percentage": 100
    },
    "group2": {
        "name": "800 ms < t < 1200 ms",
        "count": 0,
        "percentage": 0
    },
    "group3": {
        "name": "t > 1200 ms",
        "count": 0,
        "percentage": 0
    },
    "group4": {
        "name": "failed",
        "count": 0,
        "percentage": 0
    },
    "meanNumberOfRequestsPerSecond": {
        "total": 0.7058823529411765,
        "ok": 0.7058823529411765,
        "ko": 0
    }
}
    },"req_page-3-cdc73": {
        "type": "REQUEST",
        "name": "Page 3",
"path": "Page 3",
"pathFormatted": "req_page-3-cdc73",
"stats": {
    "name": "Page 3",
    "numberOfRequests": {
        "total": 12,
        "ok": 12,
        "ko": 0
    },
    "minResponseTime": {
        "total": 44,
        "ok": 44,
        "ko": 0
    },
    "maxResponseTime": {
        "total": 71,
        "ok": 71,
        "ko": 0
    },
    "meanResponseTime": {
        "total": 53,
        "ok": 53,
        "ko": 0
    },
    "standardDeviation": {
        "total": 7,
        "ok": 7,
        "ko": 0
    },
    "percentiles1": {
        "total": 52,
        "ok": 52,
        "ko": 0
    },
    "percentiles2": {
        "total": 56,
        "ok": 56,
        "ko": 0
    },
    "percentiles3": {
        "total": 64,
        "ok": 64,
        "ko": 0
    },
    "percentiles4": {
        "total": 69,
        "ok": 69,
        "ko": 0
    },
    "group1": {
        "name": "t < 800 ms",
        "count": 12,
        "percentage": 100
    },
    "group2": {
        "name": "800 ms < t < 1200 ms",
        "count": 0,
        "percentage": 0
    },
    "group3": {
        "name": "t > 1200 ms",
        "count": 0,
        "percentage": 0
    },
    "group4": {
        "name": "failed",
        "count": 0,
        "percentage": 0
    },
    "meanNumberOfRequestsPerSecond": {
        "total": 0.7058823529411765,
        "ok": 0.7058823529411765,
        "ko": 0
    }
}
    },"req_form-d359c": {
        "type": "REQUEST",
        "name": "Form",
"path": "Form",
"pathFormatted": "req_form-d359c",
"stats": {
    "name": "Form",
    "numberOfRequests": {
        "total": 2,
        "ok": 2,
        "ko": 0
    },
    "minResponseTime": {
        "total": 55,
        "ok": 55,
        "ko": 0
    },
    "maxResponseTime": {
        "total": 59,
        "ok": 59,
        "ko": 0
    },
    "meanResponseTime": {
        "total": 57,
        "ok": 57,
        "ko": 0
    },
    "standardDeviation": {
        "total": 2,
        "ok": 2,
        "ko": 0
    },
    "percentiles1": {
        "total": 57,
        "ok": 57,
        "ko": 0
    },
    "percentiles2": {
        "total": 58,
        "ok": 58,
        "ko": 0
    },
    "percentiles3": {
        "total": 58,
        "ok": 58,
        "ko": 0
    },
    "percentiles4": {
        "total": 58,
        "ok": 58,
        "ko": 0
    },
    "group1": {
        "name": "t < 800 ms",
        "count": 2,
        "percentage": 100
    },
    "group2": {
        "name": "800 ms < t < 1200 ms",
        "count": 0,
        "percentage": 0
    },
    "group3": {
        "name": "t > 1200 ms",
        "count": 0,
        "percentage": 0
    },
    "group4": {
        "name": "failed",
        "count": 0,
        "percentage": 0
    },
    "meanNumberOfRequestsPerSecond": {
        "total": 0.11764705882352941,
        "ok": 0.11764705882352941,
        "ko": 0
    }
}
    },"req_post-03d94": {
        "type": "REQUEST",
        "name": "Post",
"path": "Post",
"pathFormatted": "req_post-03d94",
"stats": {
    "name": "Post",
    "numberOfRequests": {
        "total": 2,
        "ok": 2,
        "ko": 0
    },
    "minResponseTime": {
        "total": 44,
        "ok": 44,
        "ko": 0
    },
    "maxResponseTime": {
        "total": 83,
        "ok": 83,
        "ko": 0
    },
    "meanResponseTime": {
        "total": 63,
        "ok": 63,
        "ko": 0
    },
    "standardDeviation": {
        "total": 19,
        "ok": 19,
        "ko": 0
    },
    "percentiles1": {
        "total": 63,
        "ok": 63,
        "ko": 0
    },
    "percentiles2": {
        "total": 73,
        "ok": 73,
        "ko": 0
    },
    "percentiles3": {
        "total": 81,
        "ok": 81,
        "ko": 0
    },
    "percentiles4": {
        "total": 82,
        "ok": 82,
        "ko": 0
    },
    "group1": {
        "name": "t < 800 ms",
        "count": 2,
        "percentage": 100
    },
    "group2": {
        "name": "800 ms < t < 1200 ms",
        "count": 0,
        "percentage": 0
    },
    "group3": {
        "name": "t > 1200 ms",
        "count": 0,
        "percentage": 0
    },
    "group4": {
        "name": "failed",
        "count": 0,
        "percentage": 0
    },
    "meanNumberOfRequestsPerSecond": {
        "total": 0.11764705882352941,
        "ok": 0.11764705882352941,
        "ko": 0
    }
}
    },"req_post-redirect-1-1713a": {
        "type": "REQUEST",
        "name": "Post Redirect 1",
"path": "Post Redirect 1",
"pathFormatted": "req_post-redirect-1-1713a",
"stats": {
    "name": "Post Redirect 1",
    "numberOfRequests": {
        "total": 2,
        "ok": 2,
        "ko": 0
    },
    "minResponseTime": {
        "total": 47,
        "ok": 47,
        "ko": 0
    },
    "maxResponseTime": {
        "total": 54,
        "ok": 54,
        "ko": 0
    },
    "meanResponseTime": {
        "total": 50,
        "ok": 50,
        "ko": 0
    },
    "standardDeviation": {
        "total": 3,
        "ok": 3,
        "ko": 0
    },
    "percentiles1": {
        "total": 50,
        "ok": 50,
        "ko": 0
    },
    "percentiles2": {
        "total": 52,
        "ok": 52,
        "ko": 0
    },
    "percentiles3": {
        "total": 53,
        "ok": 53,
        "ko": 0
    },
    "percentiles4": {
        "total": 53,
        "ok": 53,
        "ko": 0
    },
    "group1": {
        "name": "t < 800 ms",
        "count": 2,
        "percentage": 100
    },
    "group2": {
        "name": "800 ms < t < 1200 ms",
        "count": 0,
        "percentage": 0
    },
    "group3": {
        "name": "t > 1200 ms",
        "count": 0,
        "percentage": 0
    },
    "group4": {
        "name": "failed",
        "count": 0,
        "percentage": 0
    },
    "meanNumberOfRequestsPerSecond": {
        "total": 0.11764705882352941,
        "ok": 0.11764705882352941,
        "ko": 0
    }
}
    }
}

}