{
    "name": "Global Information",
    "numberOfRequests": {
        "total": 102,
        "ok": 102,
        "ko": 0
    },
    "minResponseTime": {
        "total": 47,
        "ok": 47,
        "ko": 0
    },
    "maxResponseTime": {
        "total": 264,
        "ok": 264,
        "ko": 0
    },
    "meanResponseTime": {
        "total": 66,
        "ok": 66,
        "ko": 0
    },
    "standardDeviation": {
        "total": 31,
        "ok": 31,
        "ko": 0
    },
    "percentiles1": {
        "total": 60,
        "ok": 60,
        "ko": 0
    },
    "percentiles2": {
        "total": 67,
        "ok": 67,
        "ko": 0
    },
    "percentiles3": {
        "total": 109,
        "ok": 109,
        "ko": 0
    },
    "percentiles4": {
        "total": 261,
        "ok": 261,
        "ko": 0
    },
    "group1": {
        "name": "t < 800 ms",
        "count": 102,
        "percentage": 100
    },
    "group2": {
        "name": "800 ms < t < 1200 ms",
        "count": 0,
        "percentage": 0
    },
    "group3": {
        "name": "t > 1200 ms",
        "count": 0,
        "percentage": 0
    },
    "group4": {
        "name": "failed",
        "count": 0,
        "percentage": 0
    },
    "meanNumberOfRequestsPerSecond": {
        "total": 6.0,
        "ok": 6.0,
        "ko": 0
    }
}