{
  "type": "GROUP",
"name": "Global Information",
"path": "",
"pathFormatted": "group_missing-name-b06d1",
"stats": {
    "name": "Global Information",
    "numberOfRequests": {
        "total": 102,
        "ok": 102,
        "ko": 0
    },
    "minResponseTime": {
        "total": 47,
        "ok": 47,
        "ko": 0
    },
    "maxResponseTime": {
        "total": 264,
        "ok": 264,
        "ko": 0
    },
    "meanResponseTime": {
        "total": 66,
        "ok": 66,
        "ko": 0
    },
    "standardDeviation": {
        "total": 31,
        "ok": 31,
        "ko": 0
    },
    "percentiles1": {
        "total": 60,
        "ok": 60,
        "ko": 0
    },
    "percentiles2": {
        "total": 67,
        "ok": 67,
        "ko": 0
    },
    "percentiles3": {
        "total": 109,
        "ok": 109,
        "ko": 0
    },
    "percentiles4": {
        "total": 261,
        "ok": 261,
        "ko": 0
    },
    "group1": {
        "name": "t < 800 ms",
        "count": 102,
        "percentage": 100
    },
    "group2": {
        "name": "800 ms < t < 1200 ms",
        "count": 0,
        "percentage": 0
    },
    "group3": {
        "name": "t > 1200 ms",
        "count": 0,
        "percentage": 0
    },
    "group4": {
        "name": "failed",
        "count": 0,
        "percentage": 0
    },
    "meanNumberOfRequestsPerSecond": {
        "total": 6.0,
        "ok": 6.0,
        "ko": 0
    }
},
"contents": {
"req_home-8cf04": {
        "type": "REQUEST",
        "name": "Home",
"path": "Home",
"pathFormatted": "req_home-8cf04",
"stats": {
    "name": "Home",
    "numberOfRequests": {
        "total": 12,
        "ok": 12,
        "ko": 0
    },
    "minResponseTime": {
        "total": 52,
        "ok": 52,
        "ko": 0
    },
    "maxResponseTime": {
        "total": 92,
        "ok": 92,
        "ko": 0
    },
    "meanResponseTime": {
        "total": 63,
        "ok": 63,
        "ko": 0
    },
    "standardDeviation": {
        "total": 9,
        "ok": 9,
        "ko": 0
    },
    "percentiles1": {
        "total": 61,
        "ok": 61,
        "ko": 0
    },
    "percentiles2": {
        "total": 65,
        "ok": 65,
        "ko": 0
    },
    "percentiles3": {
        "total": 80,
        "ok": 80,
        "ko": 0
    },
    "percentiles4": {
        "total": 89,
        "ok": 89,
        "ko": 0
    },
    "group1": {
        "name": "t < 800 ms",
        "count": 12,
        "percentage": 100
    },
    "group2": {
        "name": "800 ms < t < 1200 ms",
        "count": 0,
        "percentage": 0
    },
    "group3": {
        "name": "t > 1200 ms",
        "count": 0,
        "percentage": 0
    },
    "group4": {
        "name": "failed",
        "count": 0,
        "percentage": 0
    },
    "meanNumberOfRequestsPerSecond": {
        "total": 0.7058823529411765,
        "ok": 0.7058823529411765,
        "ko": 0
    }
}
    },"req_home-redirect-1-df14c": {
        "type": "REQUEST",
        "name": "Home Redirect 1",
"path": "Home Redirect 1",
"pathFormatted": "req_home-redirect-1-df14c",
"stats": {
    "name": "Home Redirect 1",
    "numberOfRequests": {
        "total": 12,
        "ok": 12,
        "ko": 0
    },
    "minResponseTime": {
        "total": 59,
        "ok": 59,
        "ko": 0
    },
    "maxResponseTime": {
        "total": 86,
        "ok": 86,
        "ko": 0
    },
    "meanResponseTime": {
        "total": 68,
        "ok": 68,
        "ko": 0
    },
    "standardDeviation": {
        "total": 7,
        "ok": 7,
        "ko": 0
    },
    "percentiles1": {
        "total": 68,
        "ok": 68,
        "ko": 0
    },
    "percentiles2": {
        "total": 74,
        "ok": 74,
        "ko": 0
    },
    "percentiles3": {
        "total": 81,
        "ok": 81,
        "ko": 0
    },
    "percentiles4": {
        "total": 85,
        "ok": 85,
        "ko": 0
    },
    "group1": {
        "name": "t < 800 ms",
        "count": 12,
        "percentage": 100
    },
    "group2": {
        "name": "800 ms < t < 1200 ms",
        "count": 0,
        "percentage": 0
    },
    "group3": {
        "name": "t > 1200 ms",
        "count": 0,
        "percentage": 0
    },
    "group4": {
        "name": "failed",
        "count": 0,
        "percentage": 0
    },
    "meanNumberOfRequestsPerSecond": {
        "total": 0.7058823529411765,
        "ok": 0.7058823529411765,
        "ko": 0
    }
}
    },"req_search-13348": {
        "type": "REQUEST",
        "name": "Search",
"path": "Search",
"pathFormatted": "req_search-13348",
"stats": {
    "name": "Search",
    "numberOfRequests": {
        "total": 12,
        "ok": 12,
        "ko": 0
    },
    "minResponseTime": {
        "total": 56,
        "ok": 56,
        "ko": 0
    },
    "maxResponseTime": {
        "total": 82,
        "ok": 82,
        "ko": 0
    },
    "meanResponseTime": {
        "total": 64,
        "ok": 64,
        "ko": 0
    },
    "standardDeviation": {
        "total": 7,
        "ok": 7,
        "ko": 0
    },
    "percentiles1": {
        "total": 62,
        "ok": 62,
        "ko": 0
    },
    "percentiles2": {
        "total": 68,
        "ok": 68,
        "ko": 0
    },
    "percentiles3": {
        "total": 79,
        "ok": 79,
        "ko": 0
    },
    "percentiles4": {
        "total": 81,
        "ok": 81,
        "ko": 0
    },
    "group1": {
        "name": "t < 800 ms",
        "count": 12,
        "percentage": 100
    },
    "group2": {
        "name": "800 ms < t < 1200 ms",
        "count": 0,
        "percentage": 0
    },
    "group3": {
        "name": "t > 1200 ms",
        "count": 0,
        "percentage": 0
    },
    "group4": {
        "name": "failed",
        "count": 0,
        "percentage": 0
    },
    "meanNumberOfRequestsPerSecond": {
        "total": 0.7058823529411765,
        "ok": 0.7058823529411765,
        "ko": 0
    }
}
    },"req_select-e0626": {
        "type": "REQUEST",
        "name": "Select",
"path": "Select",
"pathFormatted": "req_select-e0626",
"stats": {
    "name": "Select",
    "numberOfRequests": {
        "total": 12,
        "ok": 12,
        "ko": 0
    },
    "minResponseTime": {
        "total": 48,
        "ok": 48,
        "ko": 0
    },
    "maxResponseTime": {
        "total": 263,
        "ok": 263,
        "ko": 0
    },
    "meanResponseTime": {
        "total": 75,
        "ok": 75,
        "ko": 0
    },
    "standardDeviation": {
        "total": 56,
        "ok": 56,
        "ko": 0
    },
    "percentiles1": {
        "total": 60,
        "ok": 60,
        "ko": 0
    },
    "percentiles2": {
        "total": 63,
        "ok": 63,
        "ko": 0
    },
    "percentiles3": {
        "total": 154,
        "ok": 154,
        "ko": 0
    },
    "percentiles4": {
        "total": 241,
        "ok": 241,
        "ko": 0
    },
    "group1": {
        "name": "t < 800 ms",
        "count": 12,
        "percentage": 100
    },
    "group2": {
        "name": "800 ms < t < 1200 ms",
        "count": 0,
        "percentage": 0
    },
    "group3": {
        "name": "t > 1200 ms",
        "count": 0,
        "percentage": 0
    },
    "group4": {
        "name": "failed",
        "count": 0,
        "percentage": 0
    },
    "meanNumberOfRequestsPerSecond": {
        "total": 0.7058823529411765,
        "ok": 0.7058823529411765,
        "ko": 0
    }
}
    },"req_page-0-bd5d5": {
        "type": "REQUEST",
        "name": "Page 0",
"path": "Page 0",
"pathFormatted": "req_page-0-bd5d5",
"stats": {
    "name": "Page 0",
    "numberOfRequests": {
        "total": 12,
        "ok": 12,
        "ko": 0
    },
    "minResponseTime": {
        "total": 51,
        "ok": 51,
        "ko": 0
    },
    "maxResponseTime": {
        "total": 116,
        "ok": 116,
        "ko": 0
    },
    "meanResponseTime": {
        "total": 69,
        "ok": 69,
        "ko": 0
    },
    "standardDeviation": {
        "total": 15,
        "ok": 15,
        "ko": 0
    },
    "percentiles1": {
        "total": 67,
        "ok": 67,
        "ko": 0
    },
    "percentiles2": {
        "total": 70,
        "ok": 70,
        "ko": 0
    },
    "percentiles3": {
        "total": 91,
        "ok": 91,
        "ko": 0
    },
    "percentiles4": {
        "total": 111,
        "ok": 111,
        "ko": 0
    },
    "group1": {
        "name": "t < 800 ms",
        "count": 12,
        "percentage": 100
    },
    "group2": {
        "name": "800 ms < t < 1200 ms",
        "count": 0,
        "percentage": 0
    },
    "group3": {
        "name": "t > 1200 ms",
        "count": 0,
        "percentage": 0
    },
    "group4": {
        "name": "failed",
        "count": 0,
        "percentage": 0
    },
    "meanNumberOfRequestsPerSecond": {
        "total": 0.7058823529411765,
        "ok": 0.7058823529411765,
        "ko": 0
    }
}
    },"req_page-1-dffde": {
        "type": "REQUEST",
        "name": "Page 1",
"path": "Page 1",
"pathFormatted": "req_page-1-dffde",
"stats": {
    "name": "Page 1",
    "numberOfRequests": {
        "total": 12,
        "ok": 12,
        "ko": 0
    },
    "minResponseTime": {
        "total": 48,
        "ok": 48,
        "ko": 0
    },
    "maxResponseTime": {
        "total": 264,
        "ok": 264,
        "ko": 0
    },
    "meanResponseTime": {
        "total": 80,
        "ok": 80,
        "ko": 0
    },
    "standardDeviation": {
        "total": 59,
        "ok": 59,
        "ko": 0
    },
    "percentiles1": {
        "total": 59,
        "ok": 59,
        "ko": 0
    },
    "percentiles2": {
        "total": 66,
        "ok": 66,
        "ko": 0
    },
    "percentiles3": {
        "total": 190,
        "ok": 190,
        "ko": 0
    },
    "percentiles4": {
        "total": 249,
        "ok": 249,
        "ko": 0
    },
    "group1": {
        "name": "t < 800 ms",
        "count": 12,
        "percentage": 100
    },
    "group2": {
        "name": "800 ms < t < 1200 ms",
        "count": 0,
        "percentage": 0
    },
    "group3": {
        "name": "t > 1200 ms",
        "count": 0,
        "percentage": 0
    },
    "group4": {
        "name": "failed",
        "count": 0,
        "percentage": 0
    },
    "meanNumberOfRequestsPerSecond": {
        "total": 0.7058823529411765,
        "ok": 0.7058823529411765,
        "ko": 0
    }
}
    },"req_page-2-9cd0e": {
        "type": "REQUEST",
        "name": "Page 2",
"path": "Page 2",
"pathFormatted": "req_page-2-9cd0e",
"stats": {
    "name": "Page 2",
    "numberOfRequests": {
        "total": 12,
        "ok": 12,
        "ko": 0
    },
    "minResponseTime": {
        "total": 47,
        "ok": 47,
        "ko": 0
    },
    "maxResponseTime": {
        "total": 110,
        "ok": 110,
        "ko": 0
    },
    "meanResponseTime": {
        "total": 58,
        "ok": 58,
        "ko": 0
    },
    "standardDeviation": {
        "total": 16,
        "ok": 16,
        "ko": 0
    },
    "percentiles1": {
        "total": 53,
        "ok": 53,
        "ko": 0
    },
    "percentiles2": {
        "total": 57,
        "ok": 57,
        "ko": 0
    },
    "percentiles3": {
        "total": 90,
        "ok": 90,
        "ko": 0
    },
    "percentiles4": {
        "total": 106,
        "ok": 106,
        "ko": 0
    },
    "group1": {
        "name": "t < 800 ms",
        "count": 12,
        "percentage": 100
    },
    "group2": {
        "name": "800 ms < t < 1200 ms",
        "count": 0,
        "percentage": 0
    },
    "group3": {
        "name": "t > 1200 ms",
        "count": 0,
        "percentage": 0
    },
    "group4": {
        "name": "failed",
        "count": 0,
        "percentage": 0
    },
    "meanNumberOfRequestsPerSecond": {
        "total": 0.7058823529411765,
        "ok": 0.7058823529411765,
        "ko": 0
    }
}
    },"req_page-3-cdc73": {
        "type": "REQUEST",
        "name": "Page 3",
"path": "Page 3",
"pathFormatted": "req_page-3-cdc73",
"stats": {
    "name": "Page 3",
    "numberOfRequests": {
        "total": 12,
        "ok": 12,
        "ko": 0
    },
    "minResponseTime": {
        "total": 50,
        "ok": 50,
        "ko": 0
    },
    "maxResponseTime": {
        "total": 111,
        "ok": 111,
        "ko": 0
    },
    "meanResponseTime": {
        "total": 60,
        "ok": 60,
        "ko": 0
    },
    "standardDeviation": {
        "total": 16,
        "ok": 16,
        "ko": 0
    },
    "percentiles1": {
        "total": 55,
        "ok": 55,
        "ko": 0
    },
    "percentiles2": {
        "total": 59,
        "ok": 59,
        "ko": 0
    },
    "percentiles3": {
        "total": 88,
        "ok": 88,
        "ko": 0
    },
    "percentiles4": {
        "total": 106,
        "ok": 106,
        "ko": 0
    },
    "group1": {
        "name": "t < 800 ms",
        "count": 12,
        "percentage": 100
    },
    "group2": {
        "name": "800 ms < t < 1200 ms",
        "count": 0,
        "percentage": 0
    },
    "group3": {
        "name": "t > 1200 ms",
        "count": 0,
        "percentage": 0
    },
    "group4": {
        "name": "failed",
        "count": 0,
        "percentage": 0
    },
    "meanNumberOfRequestsPerSecond": {
        "total": 0.7058823529411765,
        "ok": 0.7058823529411765,
        "ko": 0
    }
}
    },"req_form-d359c": {
        "type": "REQUEST",
        "name": "Form",
"path": "Form",
"pathFormatted": "req_form-d359c",
"stats": {
    "name": "Form",
    "numberOfRequests": {
        "total": 2,
        "ok": 2,
        "ko": 0
    },
    "minResponseTime": {
        "total": 55,
        "ok": 55,
        "ko": 0
    },
    "maxResponseTime": {
        "total": 57,
        "ok": 57,
        "ko": 0
    },
    "meanResponseTime": {
        "total": 56,
        "ok": 56,
        "ko": 0
    },
    "standardDeviation": {
        "total": 1,
        "ok": 1,
        "ko": 0
    },
    "percentiles1": {
        "total": 56,
        "ok": 56,
        "ko": 0
    },
    "percentiles2": {
        "total": 56,
        "ok": 56,
        "ko": 0
    },
    "percentiles3": {
        "total": 56,
        "ok": 56,
        "ko": 0
    },
    "percentiles4": {
        "total": 56,
        "ok": 56,
        "ko": 0
    },
    "group1": {
        "name": "t < 800 ms",
        "count": 2,
        "percentage": 100
    },
    "group2": {
        "name": "800 ms < t < 1200 ms",
        "count": 0,
        "percentage": 0
    },
    "group3": {
        "name": "t > 1200 ms",
        "count": 0,
        "percentage": 0
    },
    "group4": {
        "name": "failed",
        "count": 0,
        "percentage": 0
    },
    "meanNumberOfRequestsPerSecond": {
        "total": 0.11764705882352941,
        "ok": 0.11764705882352941,
        "ko": 0
    }
}
    },"req_post-03d94": {
        "type": "REQUEST",
        "name": "Post",
"path": "Post",
"pathFormatted": "req_post-03d94",
"stats": {
    "name": "Post",
    "numberOfRequests": {
        "total": 2,
        "ok": 2,
        "ko": 0
    },
    "minResponseTime": {
        "total": 50,
        "ok": 50,
        "ko": 0
    },
    "maxResponseTime": {
        "total": 53,
        "ok": 53,
        "ko": 0
    },
    "meanResponseTime": {
        "total": 51,
        "ok": 51,
        "ko": 0
    },
    "standardDeviation": {
        "total": 1,
        "ok": 1,
        "ko": 0
    },
    "percentiles1": {
        "total": 51,
        "ok": 51,
        "ko": 0
    },
    "percentiles2": {
        "total": 52,
        "ok": 52,
        "ko": 0
    },
    "percentiles3": {
        "total": 52,
        "ok": 52,
        "ko": 0
    },
    "percentiles4": {
        "total": 52,
        "ok": 52,
        "ko": 0
    },
    "group1": {
        "name": "t < 800 ms",
        "count": 2,
        "percentage": 100
    },
    "group2": {
        "name": "800 ms < t < 1200 ms",
        "count": 0,
        "percentage": 0
    },
    "group3": {
        "name": "t > 1200 ms",
        "count": 0,
        "percentage": 0
    },
    "group4": {
        "name": "failed",
        "count": 0,
        "percentage": 0
    },
    "meanNumberOfRequestsPerSecond": {
        "total": 0.11764705882352941,
        "ok": 0.11764705882352941,
        "ko": 0
    }
}
    },"req_post-redirect-1-1713a": {
        "type": "REQUEST",
        "name": "Post Redirect 1",
"path": "Post Redirect 1",
"pathFormatted": "req_post-redirect-1-1713a",
"stats": {
    "name": "Post Redirect 1",
    "numberOfRequests": {
        "total": 2,
        "ok": 2,
        "ko": 0
    },
    "minResponseTime": {
        "total": 52,
        "ok": 52,
        "ko": 0
    },
    "maxResponseTime": {
        "total": 57,
        "ok": 57,
        "ko": 0
    },
    "meanResponseTime": {
        "total": 54,
        "ok": 54,
        "ko": 0
    },
    "standardDeviation": {
        "total": 2,
        "ok": 2,
        "ko": 0
    },
    "percentiles1": {
        "total": 54,
        "ok": 54,
        "ko": 0
    },
    "percentiles2": {
        "total": 55,
        "ok": 55,
        "ko": 0
    },
    "percentiles3": {
        "total": 56,
        "ok": 56,
        "ko": 0
    },
    "percentiles4": {
        "total": 56,
        "ok": 56,
        "ko": 0
    },
    "group1": {
        "name": "t < 800 ms",
        "count": 2,
        "percentage": 100
    },
    "group2": {
        "name": "800 ms < t < 1200 ms",
        "count": 0,
        "percentage": 0
    },
    "group3": {
        "name": "t > 1200 ms",
        "count": 0,
        "percentage": 0
    },
    "group4": {
        "name": "failed",
        "count": 0,
        "percentage": 0
    },
    "meanNumberOfRequestsPerSecond": {
        "total": 0.11764705882352941,
        "ok": 0.11764705882352941,
        "ko": 0
    }
}
    }
}

}