{
    "name": "Global Information",
    "numberOfRequests": {
        "total": 126,
        "ok": 126,
        "ko": 0
    },
    "minResponseTime": {
        "total": 40,
        "ok": 40,
        "ko": 0
    },
    "maxResponseTime": {
        "total": 257,
        "ok": 257,
        "ko": 0
    },
    "meanResponseTime": {
        "total": 60,
        "ok": 60,
        "ko": 0
    },
    "standardDeviation": {
        "total": 23,
        "ok": 23,
        "ko": 0
    },
    "percentiles1": {
        "total": 56,
        "ok": 56,
        "ko": 0
    },
    "percentiles2": {
        "total": 62,
        "ok": 62,
        "ko": 0
    },
    "percentiles3": {
        "total": 97,
        "ok": 97,
        "ko": 0
    },
    "percentiles4": {
        "total": 126,
        "ok": 126,
        "ko": 0
    },
    "group1": {
        "name": "t < 800 ms",
        "count": 126,
        "percentage": 100
    },
    "group2": {
        "name": "800 ms < t < 1200 ms",
        "count": 0,
        "percentage": 0
    },
    "group3": {
        "name": "t > 1200 ms",
        "count": 0,
        "percentage": 0
    },
    "group4": {
        "name": "failed",
        "count": 0,
        "percentage": 0
    },
    "meanNumberOfRequestsPerSecond": {
        "total": 5.7272727272727275,
        "ok": 5.7272727272727275,
        "ko": 0
    }
}